data,bioma,cidade_ref,lat_ref,lon_ref,temperatura_c,temperatura_max_c,temperatura_min_c,umidade_pct,precipitacao_mm,vento_ms,vento_kmh
2025-01-01,Amazônia,Manaus,-3.119,-60.0217,27.08,29.65,25.21,86.59,3.76,1.31,4.716
2025-01-02,Amazônia,Manaus,-3.119,-60.0217,26.5,28.88,24.78,88.44,11.84,1.23,4.428
2025-01-03,Amazônia,Manaus,-3.119,-60.0217,26.63,29.43,25.09,91.1,6.88,1.02,3.672
2025-01-04,Amazônia,Manaus,-3.119,-60.0217,26.21,26.86,25.6,93.97,26.07,1.22,4.392
2025-01-05,Amazônia,Manaus,-3.119,-60.0217,26.02,28.54,24.29,89.07,15.27,1.15,4.14
2025-01-06,Amazônia,Manaus,-3.119,-60.0217,26.51,29.99,23.78,87.12,2.65,1.06,3.8160000000000003
2025-01-07,Amazônia,Manaus,-3.119,-60.0217,26.32,27.71,25.05,89.94,6.75,1.06,3.8160000000000003
2025-01-08,Amazônia,Manaus,-3.119,-60.0217,26.55,29.18,24.67,87.88,4.1,1.09,3.9240000000000004
2025-01-09,Amazônia,Manaus,-3.119,-60.0217,26.88,29.43,25.04,86.15,1.54,1.06,3.8160000000000003
2025-01-10,Amazônia,Manaus,-3.119,-60.0217,27.42,30.78,24.83,81.69,0.13,1.13,4.068
2025-01-11,Amazônia,Manaus,-3.119,-60.0217,27.21,29.68,25.27,83.92,1.05,1.16,4.176
2025-01-12,Amazônia,Manaus,-3.119,-60.0217,27.06,30.11,25.16,89.1,4.53,1.25,4.5
2025-01-13,Amazônia,Manaus,-3.119,-60.0217,27.78,31.52,24.85,81.55,2.03,1.08,3.8880000000000003
2025-01-14,Amazônia,Manaus,-3.119,-60.0217,26.99,28.49,25.54,89.39,11.18,0.99,3.564
2025-01-15,Amazônia,Manaus,-3.119,-60.0217,26.14,27.64,24.96,89.85,9.44,1.11,3.9960000000000004
2025-01-16,Amazônia,Manaus,-3.119,-60.0217,26.16,29.43,23.43,83.14,2.97,0.9,3.24
2025-01-17,Amazônia,Manaus,-3.119,-60.0217,26.28,28.95,24.36,86.08,1.6,1.21,4.356
2025-01-18,Amazônia,Manaus,-3.119,-60.0217,26.77,30.26,23.88,84.08,3.68,1.3,4.680000000000001
2025-01-19,Amazônia,Manaus,-3.119,-60.0217,26.14,29.34,23.68,85.83,3.91,1.19,4.284
2025-01-20,Amazônia,Manaus,-3.119,-60.0217,26.41,28.94,24.43,85.95,0.84,1.26,4.5360000000000005
2025-01-21,Amazônia,Manaus,-3.119,-60.0217,26.95,29.72,24.55,81.55,1.22,1.28,4.6080000000000005
2025-01-22,Amazônia,Manaus,-3.119,-60.0217,26.5,29.75,24.55,85.6,3.58,1.5,5.4
2025-01-23,Amazônia,Manaus,-3.119,-60.0217,26.55,30.39,23.56,81.49,3.28,1.2,4.32
2025-01-24,Amazônia,Manaus,-3.119,-60.0217,26.77,29.51,24.32,80.39,2.32,1.53,5.508
2025-01-25,Amazônia,Manaus,-3.119,-60.0217,26.64,30.89,23.28,79.46,1.47,1.26,4.5360000000000005
2025-01-26,Amazônia,Manaus,-3.119,-60.0217,27.26,31.17,23.81,77.3,2.26,1.41,5.076
2025-01-27,Amazônia,Manaus,-3.119,-60.0217,27.07,30.44,24.57,80.76,1.9,1.22,4.392
2025-01-28,Amazônia,Manaus,-3.119,-60.0217,26.96,29.9,24.45,82.05,2.12,1.47,5.292
2025-01-29,Amazônia,Manaus,-3.119,-60.0217,27.42,31.71,24.03,80.48,4.4,1.62,5.832000000000001
2025-01-30,Amazônia,Manaus,-3.119,-60.0217,26.93,30.2,24.6,85.78,6.96,1.38,4.968
2025-01-31,Amazônia,Manaus,-3.119,-60.0217,27.25,31.19,24.2,85.01,6.45,1.17,4.212
2025-02-01,Amazônia,Manaus,-3.119,-60.0217,26.88,30.93,23.24,81.93,3.4,1.12,4.032000000000001
2025-02-02,Amazônia,Manaus,-3.119,-60.0217,27.25,29.08,25.17,81.02,0.28,1.24,4.464
2025-02-03,Amazônia,Manaus,-3.119,-60.0217,27.67,31.5,24.62,77.22,0.05,1.31,4.716
2025-02-04,Amazônia,Manaus,-3.119,-60.0217,26.78,29.8,25.04,82.11,6.16,1.52,5.472
2025-02-05,Amazônia,Manaus,-3.119,-60.0217,26.48,30.27,24.12,83.89,3.42,1.45,5.22
2025-02-06,Amazônia,Manaus,-3.119,-60.0217,26.99,30.63,24.15,80.95,5.77,1.54,5.5440000000000005
2025-02-07,Amazônia,Manaus,-3.119,-60.0217,27.16,31.08,23.98,81.78,2.44,1.38,4.968
2025-02-08,Amazônia,Manaus,-3.119,-60.0217,27.06,30.43,24.55,82.99,4.85,0.91,3.2760000000000002
2025-02-09,Amazônia,Manaus,-3.119,-60.0217,26.26,29.12,24.35,85.53,12.71,1.06,3.8160000000000003
2025-02-10,Amazônia,Manaus,-3.119,-60.0217,24.93,25.91,23.67,91.29,12.0,1.0,3.6
2025-02-11,Amazônia,Manaus,-3.119,-60.0217,25.94,29.81,23.66,86.92,7.19,1.24,4.464
2025-02-12,Amazônia,Manaus,-3.119,-60.0217,26.29,29.07,24.38,88.73,6.4,1.34,4.824000000000001
2025-02-13,Amazônia,Manaus,-3.119,-60.0217,26.11,29.29,23.92,88.78,5.77,1.44,5.184
2025-02-14,Amazônia,Manaus,-3.119,-60.0217,25.58,27.01,24.49,91.91,9.76,1.05,3.7800000000000002
2025-02-15,Amazônia,Manaus,-3.119,-60.0217,24.76,25.92,23.89,92.2,15.55,1.02,3.672
2025-02-16,Amazônia,Manaus,-3.119,-60.0217,26.24,30.23,23.38,83.98,0.81,1.13,4.068
2025-02-17,Amazônia,Manaus,-3.119,-60.0217,26.93,30.11,24.27,84.07,3.46,1.58,5.688000000000001
2025-02-18,Amazônia,Manaus,-3.119,-60.0217,26.82,30.14,24.45,86.65,6.3,1.12,4.032000000000001
2025-02-19,Amazônia,Manaus,-3.119,-60.0217,26.43,27.87,25.12,84.98,10.79,0.98,3.528
2025-02-20,Amazônia,Manaus,-3.119,-60.0217,26.57,30.33,23.91,82.16,0.19,1.62,5.832000000000001
2025-02-21,Amazônia,Manaus,-3.119,-60.0217,26.76,30.37,23.6,85.07,8.58,1.33,4.788
2025-02-22,Amazônia,Manaus,-3.119,-60.0217,27.24,30.74,24.55,85.36,4.22,1.35,4.86
2025-02-23,Amazônia,Manaus,-3.119,-60.0217,26.38,27.94,24.99,87.67,3.41,1.07,3.8520000000000003
2025-02-24,Amazônia,Manaus,-3.119,-60.0217,26.7,30.38,23.85,83.81,1.36,1.11,3.9960000000000004
2025-02-25,Amazônia,Manaus,-3.119,-60.0217,27.23,30.18,24.83,81.27,0.41,1.37,4.932
2025-02-26,Amazônia,Manaus,-3.119,-60.0217,27.18,30.97,24.28,82.26,0.2,1.26,4.5360000000000005
2025-02-27,Amazônia,Manaus,-3.119,-60.0217,28.14,32.55,24.52,77.95,0.06,1.45,5.22
2025-02-28,Amazônia,Manaus,-3.119,-60.0217,28.29,32.08,24.84,75.8,0.09,1.46,5.256
2025-03-01,Amazônia,Manaus,-3.119,-60.0217,28.77,33.14,24.9,70.76,0.01,1.53,5.508
2025-03-02,Amazônia,Manaus,-3.119,-60.0217,28.84,33.71,24.93,69.55,1.15,1.25,4.5
2025-03-03,Amazônia,Manaus,-3.119,-60.0217,28.45,32.97,24.82,75.63,5.48,1.16,4.176
2025-03-04,Amazônia,Manaus,-3.119,-60.0217,27.19,31.01,24.18,82.46,13.3,1.02,3.672
2025-03-05,Amazônia,Manaus,-3.119,-60.0217,25.77,27.21,24.57,89.16,16.71,1.32,4.752000000000001
2025-03-06,Amazônia,Manaus,-3.119,-60.0217,26.8,31.04,23.73,82.55,0.14,1.45,5.22
2025-03-07,Amazônia,Manaus,-3.119,-60.0217,25.9,27.36,24.39,89.01,10.29,1.12,4.032000000000001
2025-03-08,Amazônia,Manaus,-3.119,-60.0217,25.53,27.01,24.63,89.91,15.99,0.82,2.952
2025-03-09,Amazônia,Manaus,-3.119,-60.0217,25.72,28.35,23.79,84.87,3.06,1.31,4.716
2025-03-10,Amazônia,Manaus,-3.119,-60.0217,26.69,30.36,23.76,83.51,0.41,1.25,4.5
2025-03-11,Amazônia,Manaus,-3.119,-60.0217,27.34,30.95,24.3,81.15,3.47,1.35,4.86
2025-03-12,Amazônia,Manaus,-3.119,-60.0217,26.89,29.51,24.73,85.73,1.75,1.39,5.004
2025-03-13,Amazônia,Manaus,-3.119,-60.0217,27.14,30.59,24.59,82.85,3.68,1.33,4.788
2025-03-14,Amazônia,Manaus,-3.119,-60.0217,27.48,30.99,24.94,82.67,8.11,1.24,4.464
2025-03-15,Amazônia,Manaus,-3.119,-60.0217,26.99,29.11,25.17,84.63,5.74,1.17,4.212
2025-03-16,Amazônia,Manaus,-3.119,-60.0217,26.59,29.03,25.2,86.42,5.17,1.08,3.8880000000000003
2025-03-17,Amazônia,Manaus,-3.119,-60.0217,26.53,28.87,24.82,86.51,8.9,1.3,4.680000000000001
2025-03-18,Amazônia,Manaus,-3.119,-60.0217,26.77,31.24,23.83,81.17,2.9,1.08,3.8880000000000003
2025-03-19,Amazônia,Manaus,-3.119,-60.0217,25.8,27.28,24.42,88.86,13.66,1.01,3.636
2025-03-20,Amazônia,Manaus,-3.119,-60.0217,25.75,28.68,23.61,84.97,2.83,1.52,5.472
2025-03-21,Amazônia,Manaus,-3.119,-60.0217,26.49,30.39,23.34,82.43,1.54,1.58,5.688000000000001
2025-03-22,Amazônia,Manaus,-3.119,-60.0217,27.02,30.66,23.99,85.91,5.1,1.29,4.644
2025-03-23,Amazônia,Manaus,-3.119,-60.0217,26.0,26.91,25.24,96.06,29.28,1.31,4.716
2025-03-24,Amazônia,Manaus,-3.119,-60.0217,26.31,29.45,23.88,87.51,2.32,1.63,5.867999999999999
2025-03-25,Amazônia,Manaus,-3.119,-60.0217,26.38,28.45,24.69,89.9,3.89,1.29,4.644
2025-03-26,Amazônia,Manaus,-3.119,-60.0217,25.68,27.93,23.9,90.87,4.57,1.21,4.356
2025-03-27,Amazônia,Manaus,-3.119,-60.0217,25.43,27.27,24.1,93.23,20.63,1.27,4.572
2025-03-28,Amazônia,Manaus,-3.119,-60.0217,25.41,28.04,23.5,92.12,9.39,1.22,4.392
2025-03-29,Amazônia,Manaus,-3.119,-60.0217,25.94,28.4,24.27,90.47,8.44,1.19,4.284
2025-03-30,Amazônia,Manaus,-3.119,-60.0217,25.79,27.57,24.23,93.56,12.31,1.17,4.212
2025-03-31,Amazônia,Manaus,-3.119,-60.0217,26.09,28.96,23.74,89.89,3.37,1.3,4.680000000000001
2025-04-01,Amazônia,Manaus,-3.119,-60.0217,25.84,27.43,24.53,90.23,3.3,1.47,5.292
2025-04-02,Amazônia,Manaus,-3.119,-60.0217,26.16,28.87,23.69,87.46,0.67,1.41,5.076
2025-04-03,Amazônia,Manaus,-3.119,-60.0217,26.53,28.96,24.62,89.03,4.01,0.92,3.3120000000000003
2025-04-04,Amazônia,Manaus,-3.119,-60.0217,25.57,26.94,24.19,90.13,19.3,0.97,3.492
2025-04-05,Amazônia,Manaus,-3.119,-60.0217,26.1,28.67,24.25,85.18,4.13,1.0,3.6
2025-04-06,Amazônia,Manaus,-3.119,-60.0217,27.04,29.87,24.87,82.11,0.0,1.29,4.644
2025-04-07,Amazônia,Manaus,-3.119,-60.0217,26.87,29.75,24.5,84.68,0.0,1.12,4.032000000000001
2025-04-08,Amazônia,Manaus,-3.119,-60.0217,26.24,28.02,24.27,87.59,2.79,1.19,4.284
2025-04-09,Amazônia,Manaus,-3.119,-60.0217,26.55,29.23,24.43,88.42,7.65,1.33,4.788
2025-04-10,Amazônia,Manaus,-3.119,-60.0217,26.36,28.11,25.22,91.87,6.34,1.07,3.8520000000000003
2025-04-11,Amazônia,Manaus,-3.119,-60.0217,26.39,27.91,24.79,90.02,5.49,1.03,3.708
2025-04-12,Amazônia,Manaus,-3.119,-60.0217,26.11,26.9,25.28,91.85,12.88,0.84,3.024
2025-04-13,Amazônia,Manaus,-3.119,-60.0217,26.07,28.22,24.46,91.53,4.78,1.19,4.284
2025-04-14,Amazônia,Manaus,-3.119,-60.0217,26.23,28.42,24.62,91.57,2.11,1.27,4.572
2025-04-15,Amazônia,Manaus,-3.119,-60.0217,26.59,29.51,24.38,90.23,1.46,1.1,3.9600000000000004
2025-04-16,Amazônia,Manaus,-3.119,-60.0217,27.38,30.59,24.44,85.78,0.54,1.34,4.824000000000001
2025-04-17,Amazônia,Manaus,-3.119,-60.0217,27.41,30.12,24.89,87.69,1.91,1.37,4.932
2025-04-18,Amazônia,Manaus,-3.119,-60.0217,27.63,30.69,25.25,88.51,3.74,1.3,4.680000000000001
2025-04-19,Amazônia,Manaus,-3.119,-60.0217,27.45,29.65,25.48,89.39,10.0,1.19,4.284
2025-04-20,Amazônia,Manaus,-3.119,-60.0217,26.9,29.12,25.14,89.0,5.51,0.92,3.3120000000000003
2025-04-21,Amazônia,Manaus,-3.119,-60.0217,26.98,30.16,24.21,85.41,1.78,0.98,3.528
2025-04-22,Amazônia,Manaus,-3.119,-60.0217,27.45,30.03,25.42,82.21,1.01,0.87,3.132
2025-04-23,Amazônia,Manaus,-3.119,-60.0217,26.84,28.68,25.25,88.2,4.23,1.28,4.6080000000000005
2025-04-24,Amazônia,Manaus,-3.119,-60.0217,26.9,29.4,25.01,89.72,8.84,1.14,4.104
2025-04-25,Amazônia,Manaus,-3.119,-60.0217,26.65,28.72,24.53,88.47,16.32,1.43,5.148
2025-04-26,Amazônia,Manaus,-3.119,-60.0217,26.1,27.93,24.53,92.76,9.22,1.23,4.428
2025-04-27,Amazônia,Manaus,-3.119,-60.0217,25.88,27.65,24.4,92.35,6.76,0.9,3.24
2025-04-28,Amazônia,Manaus,-3.119,-60.0217,26.53,28.88,24.36,86.09,0.65,1.18,4.248
2025-04-29,Amazônia,Manaus,-3.119,-60.0217,26.72,28.67,24.92,88.1,4.59,1.13,4.068
2025-04-30,Amazônia,Manaus,-3.119,-60.0217,27.1,28.54,25.53,83.36,6.23,0.8,2.8800000000000003
2025-05-01,Amazônia,Manaus,-3.119,-60.0217,26.95,29.39,24.79,83.82,0.0,0.97,3.492
2025-05-02,Amazônia,Manaus,-3.119,-60.0217,26.66,28.61,24.71,86.05,0.0,1.18,4.248
2025-05-03,Amazônia,Manaus,-3.119,-60.0217,27.06,29.88,24.49,84.87,0.0,1.38,4.968
2025-05-04,Amazônia,Manaus,-3.119,-60.0217,27.34,30.22,24.31,85.95,1.41,1.3,4.680000000000001
2025-05-05,Amazônia,Manaus,-3.119,-60.0217,27.31,30.13,24.83,86.13,1.09,1.33,4.788
2025-05-06,Amazônia,Manaus,-3.119,-60.0217,27.26,29.53,25.07,86.26,2.79,1.24,4.464
2025-05-07,Amazônia,Manaus,-3.119,-60.0217,26.74,28.91,24.94,88.98,4.02,1.12,4.032000000000001
2025-05-08,Amazônia,Manaus,-3.119,-60.0217,27.1,29.47,25.04,85.33,4.05,1.19,4.284
2025-05-09,Amazônia,Manaus,-3.119,-60.0217,26.79,29.36,24.5,88.12,1.39,1.15,4.14
2025-05-10,Amazônia,Manaus,-3.119,-60.0217,27.06,29.34,25.05,87.84,0.11,1.24,4.464
2025-05-11,Amazônia,Manaus,-3.119,-60.0217,27.24,30.07,24.5,84.72,4.99,1.21,4.356
2025-05-12,Amazônia,Manaus,-3.119,-60.0217,26.84,29.28,24.75,86.57,2.73,1.13,4.068
2025-05-13,Amazônia,Manaus,-3.119,-60.0217,27.24,29.6,25.7,84.04,1.4,0.81,2.9160000000000004
2025-05-14,Amazônia,Manaus,-3.119,-60.0217,27.1,29.37,25.5,85.17,3.37,0.81,2.9160000000000004
2025-05-15,Amazônia,Manaus,-3.119,-60.0217,26.53,28.3,24.95,86.49,6.55,0.96,3.456
2025-05-16,Amazônia,Manaus,-3.119,-60.0217,26.12,28.7,23.99,88.91,6.19,1.07,3.8520000000000003
2025-05-17,Amazônia,Manaus,-3.119,-60.0217,26.53,28.75,24.66,87.04,2.98,1.23,4.428
2025-05-18,Amazônia,Manaus,-3.119,-60.0217,25.74,26.84,24.53,85.59,6.52,1.03,3.708
2025-05-19,Amazônia,Manaus,-3.119,-60.0217,25.42,28.96,22.75,84.47,3.47,1.3,4.680000000000001
2025-05-20,Amazônia,Manaus,-3.119,-60.0217,25.89,28.82,23.6,90.31,8.71,1.27,4.572
2025-05-21,Amazônia,Manaus,-3.119,-60.0217,26.79,29.88,24.31,87.45,2.15,1.18,4.248
2025-05-22,Amazônia,Manaus,-3.119,-60.0217,27.38,30.23,24.81,83.38,0.96,1.34,4.824000000000001
2025-05-23,Amazônia,Manaus,-3.119,-60.0217,27.01,29.55,24.65,87.27,4.33,1.19,4.284
2025-05-24,Amazônia,Manaus,-3.119,-60.0217,26.85,29.38,24.74,87.77,3.08,1.33,4.788
2025-05-25,Amazônia,Manaus,-3.119,-60.0217,26.92,29.15,25.23,84.68,0.25,1.22,4.392
2025-05-26,Amazônia,Manaus,-3.119,-60.0217,27.7,30.98,24.75,81.99,0.13,1.36,4.896000000000001
2025-05-27,Amazônia,Manaus,-3.119,-60.0217,27.53,30.68,24.74,84.05,4.24,1.36,4.896000000000001
2025-05-28,Amazônia,Manaus,-3.119,-60.0217,27.29,30.27,24.74,86.19,2.9,1.16,4.176
2025-05-29,Amazônia,Manaus,-3.119,-60.0217,27.71,29.76,25.82,82.71,3.67,1.0,3.6
2025-05-30,Amazônia,Manaus,-3.119,-60.0217,27.94,30.08,26.49,79.91,3.66,0.69,2.484
2025-05-31,Amazônia,Manaus,-3.119,-60.0217,26.68,28.96,24.49,84.68,2.17,1.08,3.8880000000000003
2025-06-01,Amazônia,Manaus,-3.119,-60.0217,27.05,29.37,25.33,83.13,6.2,0.87,3.132
2025-06-02,Amazônia,Manaus,-3.119,-60.0217,27.23,28.88,26.14,83.25,14.62,0.7,2.52
2025-06-03,Amazônia,Manaus,-3.119,-60.0217,26.34,27.65,25.29,89.22,19.64,1.14,4.104
2025-06-04,Amazônia,Manaus,-3.119,-60.0217,26.31,28.61,24.69,90.95,4.78,1.28,4.6080000000000005
2025-06-05,Amazônia,Manaus,-3.119,-60.0217,26.57,29.39,24.43,89.47,2.78,1.46,5.256
2025-06-06,Amazônia,Manaus,-3.119,-60.0217,27.08,29.8,24.65,87.01,1.61,1.25,4.5
2025-06-07,Amazônia,Manaus,-3.119,-60.0217,27.43,29.9,25.08,84.32,5.09,1.15,4.14
2025-06-08,Amazônia,Manaus,-3.119,-60.0217,27.16,28.53,25.99,85.37,36.95,0.68,2.4480000000000004
2025-06-09,Amazônia,Manaus,-3.119,-60.0217,26.43,28.49,24.96,90.11,16.28,1.05,3.7800000000000002
2025-06-10,Amazônia,Manaus,-3.119,-60.0217,26.16,27.6,24.46,89.71,10.95,0.98,3.528
2025-06-11,Amazônia,Manaus,-3.119,-60.0217,26.63,28.91,25.21,88.12,4.47,1.12,4.032000000000001
2025-06-12,Amazônia,Manaus,-3.119,-60.0217,25.67,26.33,24.98,94.34,18.52,1.12,4.032000000000001
2025-06-13,Amazônia,Manaus,-3.119,-60.0217,25.98,28.2,24.11,87.97,10.4,0.94,3.384
2025-06-14,Amazônia,Manaus,-3.119,-60.0217,26.09,28.56,24.34,90.42,8.66,1.39,5.004
2025-06-15,Amazônia,Manaus,-3.119,-60.0217,26.28,28.82,24.5,86.81,0.2,1.47,5.292
2025-06-16,Amazônia,Manaus,-3.119,-60.0217,25.95,27.88,24.14,88.69,0.2,1.35,4.86
2025-06-17,Amazônia,Manaus,-3.119,-60.0217,26.27,29.14,24.02,88.19,0.13,1.58,5.688000000000001
2025-06-18,Amazônia,Manaus,-3.119,-60.0217,26.44,29.02,24.02,89.66,8.16,1.39,5.004
2025-06-19,Amazônia,Manaus,-3.119,-60.0217,26.78,29.63,24.43,89.0,9.42,1.42,5.112
2025-06-20,Amazônia,Manaus,-3.119,-60.0217,26.95,29.48,24.95,87.71,2.14,1.25,4.5
2025-06-21,Amazônia,Manaus,-3.119,-60.0217,26.84,29.6,24.47,87.05,2.13,1.17,4.212
2025-06-22,Amazônia,Manaus,-3.119,-60.0217,26.65,29.09,24.68,87.43,4.54,1.49,5.364
2025-06-23,Amazônia,Manaus,-3.119,-60.0217,26.73,29.53,23.89,85.92,0.32,1.16,4.176
2025-06-24,Amazônia,Manaus,-3.119,-60.0217,26.98,29.16,24.97,85.42,0.21,1.39,5.004
2025-06-25,Amazônia,Manaus,-3.119,-60.0217,26.45,28.46,24.75,88.39,0.09,1.28,4.6080000000000005
2025-06-26,Amazônia,Manaus,-3.119,-60.0217,26.57,28.79,24.21,85.73,0.0,1.39,5.004
2025-06-27,Amazônia,Manaus,-3.119,-60.0217,26.96,29.65,24.52,83.72,0.18,1.44,5.184
2025-06-28,Amazônia,Manaus,-3.119,-60.0217,27.22,29.78,24.93,84.46,2.24,1.27,4.572
2025-06-29,Amazônia,Manaus,-3.119,-60.0217,27.17,30.14,24.51,84.19,1.44,1.5,5.4
2025-06-30,Amazônia,Manaus,-3.119,-60.0217,27.26,30.45,24.28,83.31,0.01,1.42,5.112
2025-01-01,Cerrado,Brasília,-15.7942,-47.8825,23.44,28.65,18.71,79.1,4.29,2.03,7.308
2025-01-02,Cerrado,Brasília,-15.7942,-47.8825,22.71,26.81,19.29,82.32,8.2,3.31,11.916
2025-01-03,Cerrado,Brasília,-15.7942,-47.8825,23.09,28.69,18.25,79.42,1.72,2.74,9.864
2025-01-04,Cerrado,Brasília,-15.7942,-47.8825,23.67,29.15,19.04,76.73,1.08,2.23,8.028
2025-01-05,Cerrado,Brasília,-15.7942,-47.8825,23.21,28.59,18.75,80.21,2.54,2.76,9.936
2025-01-06,Cerrado,Brasília,-15.7942,-47.8825,23.41,28.96,19.6,79.58,3.82,2.2,7.920000000000001
2025-01-07,Cerrado,Brasília,-15.7942,-47.8825,23.58,28.85,19.47,80.57,2.88,2.89,10.404
2025-01-08,Cerrado,Brasília,-15.7942,-47.8825,22.66,26.03,20.04,86.03,5.76,3.36,12.096
2025-01-09,Cerrado,Brasília,-15.7942,-47.8825,21.32,23.31,19.97,90.58,12.34,3.29,11.844000000000001
2025-01-10,Cerrado,Brasília,-15.7942,-47.8825,22.72,28.1,18.3,81.63,3.02,3.19,11.484
2025-01-11,Cerrado,Brasília,-15.7942,-47.8825,24.02,30.28,18.33,76.27,1.25,1.96,7.056
2025-01-12,Cerrado,Brasília,-15.7942,-47.8825,23.35,28.41,19.41,80.34,1.08,2.12,7.632000000000001
2025-01-13,Cerrado,Brasília,-15.7942,-47.8825,23.34,28.82,19.08,79.64,5.16,1.91,6.8759999999999994
2025-01-14,Cerrado,Brasília,-15.7942,-47.8825,22.21,25.99,19.74,87.33,14.55,4.0,14.4
2025-01-15,Cerrado,Brasília,-15.7942,-47.8825,22.23,27.38,18.63,84.55,6.0,4.44,15.984000000000002
2025-01-16,Cerrado,Brasília,-15.7942,-47.8825,22.14,25.14,19.66,87.83,10.25,4.85,17.46
2025-01-17,Cerrado,Brasília,-15.7942,-47.8825,22.31,26.21,19.49,86.61,3.83,4.14,14.904
2025-01-18,Cerrado,Brasília,-15.7942,-47.8825,23.03,28.08,18.49,82.88,4.02,1.7,6.12
2025-01-19,Cerrado,Brasília,-15.7942,-47.8825,23.58,28.28,18.69,76.66,2.0,1.83,6.588
2025-01-20,Cerrado,Brasília,-15.7942,-47.8825,22.8,28.42,17.32,76.99,1.67,2.2,7.920000000000001
2025-01-21,Cerrado,Brasília,-15.7942,-47.8825,23.17,29.21,17.29,77.15,2.07,1.84,6.6240000000000006
2025-01-22,Cerrado,Brasília,-15.7942,-47.8825,24.55,29.96,19.33,76.18,5.14,2.15,7.74
2025-01-23,Cerrado,Brasília,-15.7942,-47.8825,24.31,28.8,20.25,76.15,1.27,2.37,8.532
2025-01-24,Cerrado,Brasília,-15.7942,-47.8825,24.48,31.0,19.86,73.52,0.33,3.71,13.356
2025-01-25,Cerrado,Brasília,-15.7942,-47.8825,24.45,30.98,18.35,70.34,0.27,2.82,10.152
2025-01-26,Cerrado,Brasília,-15.7942,-47.8825,25.06,30.71,19.35,70.36,0.48,2.17,7.812
2025-01-27,Cerrado,Brasília,-15.7942,-47.8825,25.3,30.48,21.14,69.54,0.62,1.49,5.364
2025-01-28,Cerrado,Brasília,-15.7942,-47.8825,24.65,30.27,20.73,76.04,2.84,1.54,5.5440000000000005
2025-01-29,Cerrado,Brasília,-15.7942,-47.8825,24.59,28.45,21.22,75.27,3.7,1.36,4.896000000000001
2025-01-30,Cerrado,Brasília,-15.7942,-47.8825,23.06,25.96,20.4,81.63,7.33,2.89,10.404
2025-01-31,Cerrado,Brasília,-15.7942,-47.8825,22.68,28.13,18.65,80.85,10.28,3.44,12.384
2025-02-01,Cerrado,Brasília,-15.7942,-47.8825,21.92,26.5,19.0,83.92,7.27,2.75,9.9
2025-02-02,Cerrado,Brasília,-15.7942,-47.8825,22.33,27.56,18.57,82.46,8.1,3.54,12.744
2025-02-03,Cerrado,Brasília,-15.7942,-47.8825,22.28,26.96,18.69,81.63,2.21,3.43,12.348
2025-02-04,Cerrado,Brasília,-15.7942,-47.8825,23.52,29.34,18.44,74.93,0.51,2.51,9.036
2025-02-05,Cerrado,Brasília,-15.7942,-47.8825,23.96,30.42,18.67,70.02,0.41,2.93,10.548
2025-02-06,Cerrado,Brasília,-15.7942,-47.8825,23.69,30.18,17.8,66.09,0.03,2.57,9.251999999999999
2025-02-07,Cerrado,Brasília,-15.7942,-47.8825,23.71,30.79,18.08,65.02,0.01,3.45,12.420000000000002
2025-02-08,Cerrado,Brasília,-15.7942,-47.8825,23.61,30.93,17.39,65.54,0.08,4.25,15.3
2025-02-09,Cerrado,Brasília,-15.7942,-47.8825,22.84,29.81,17.99,72.87,0.29,3.8,13.68
2025-02-10,Cerrado,Brasília,-15.7942,-47.8825,23.32,30.47,17.78,67.86,0.71,3.58,12.888
2025-02-11,Cerrado,Brasília,-15.7942,-47.8825,22.74,28.42,17.96,73.78,3.17,2.93,10.548
2025-02-12,Cerrado,Brasília,-15.7942,-47.8825,23.77,31.18,17.41,70.7,3.59,2.82,10.152
2025-02-13,Cerrado,Brasília,-15.7942,-47.8825,24.53,31.19,19.14,68.74,0.33,3.02,10.872
2025-02-14,Cerrado,Brasília,-15.7942,-47.8825,25.57,32.01,18.33,62.46,0.88,1.64,5.904
2025-02-15,Cerrado,Brasília,-15.7942,-47.8825,25.53,31.89,18.98,65.1,2.63,2.12,7.632000000000001
2025-02-16,Cerrado,Brasília,-15.7942,-47.8825,25.09,31.58,20.51,66.42,3.56,2.29,8.244
2025-02-17,Cerrado,Brasília,-15.7942,-47.8825,24.8,31.82,19.21,66.47,2.99,2.52,9.072000000000001
2025-02-18,Cerrado,Brasília,-15.7942,-47.8825,25.25,33.65,17.7,57.83,0.01,2.79,10.044
2025-02-19,Cerrado,Brasília,-15.7942,-47.8825,26.23,33.51,20.24,54.14,0.0,2.92,10.512
2025-02-20,Cerrado,Brasília,-15.7942,-47.8825,25.29,34.29,16.73,51.31,0.02,3.64,13.104000000000001
2025-02-21,Cerrado,Brasília,-15.7942,-47.8825,26.01,34.59,17.75,52.61,0.0,4.08,14.688
2025-02-22,Cerrado,Brasília,-15.7942,-47.8825,26.07,33.61,18.64,55.56,0.19,3.57,12.852
2025-02-23,Cerrado,Brasília,-15.7942,-47.8825,25.83,33.53,18.5,58.91,2.61,2.84,10.224
2025-02-24,Cerrado,Brasília,-15.7942,-47.8825,25.79,32.38,20.56,62.29,2.72,2.07,7.452
2025-02-25,Cerrado,Brasília,-15.7942,-47.8825,24.4,30.19,19.81,69.71,7.64,3.01,10.836
2025-02-26,Cerrado,Brasília,-15.7942,-47.8825,24.87,31.65,19.34,67.16,1.7,3.27,11.772
2025-02-27,Cerrado,Brasília,-15.7942,-47.8825,26.05,33.08,19.97,61.89,1.03,2.31,8.316
2025-02-28,Cerrado,Brasília,-15.7942,-47.8825,25.12,32.7,18.43,58.75,0.3,4.04,14.544
2025-03-01,Cerrado,Brasília,-15.7942,-47.8825,24.57,32.32,17.92,60.09,0.17,4.61,16.596
2025-03-02,Cerrado,Brasília,-15.7942,-47.8825,24.45,31.86,18.88,57.72,0.01,4.62,16.632
2025-03-03,Cerrado,Brasília,-15.7942,-47.8825,24.66,33.46,17.4,52.52,0.0,4.33,15.588000000000001
2025-03-04,Cerrado,Brasília,-15.7942,-47.8825,25.17,32.6,19.57,57.73,0.0,4.76,17.136
2025-03-05,Cerrado,Brasília,-15.7942,-47.8825,23.49,30.65,18.16,55.24,0.0,4.77,17.172
2025-03-06,Cerrado,Brasília,-15.7942,-47.8825,23.59,30.59,18.57,62.32,0.22,4.66,16.776
2025-03-07,Cerrado,Brasília,-15.7942,-47.8825,24.67,33.39,17.13,56.46,0.01,4.62,16.632
2025-03-08,Cerrado,Brasília,-15.7942,-47.8825,25.13,33.54,16.91,47.95,0.0,3.14,11.304
2025-03-09,Cerrado,Brasília,-15.7942,-47.8825,26.62,35.08,18.75,45.54,0.0,2.91,10.476
2025-03-10,Cerrado,Brasília,-15.7942,-47.8825,27.35,35.95,20.13,43.48,0.01,2.93,10.548
2025-03-11,Cerrado,Brasília,-15.7942,-47.8825,27.0,35.83,19.33,44.2,0.09,2.73,9.828
2025-03-12,Cerrado,Brasília,-15.7942,-47.8825,28.25,35.34,21.99,49.35,1.86,1.77,6.372
2025-03-13,Cerrado,Brasília,-15.7942,-47.8825,27.9,34.27,22.33,52.37,4.52,2.72,9.792000000000002
2025-03-14,Cerrado,Brasília,-15.7942,-47.8825,26.86,35.22,20.07,57.63,4.02,3.05,10.98
2025-03-15,Cerrado,Brasília,-15.7942,-47.8825,26.85,34.82,20.54,61.65,4.24,3.22,11.592
2025-03-16,Cerrado,Brasília,-15.7942,-47.8825,27.81,36.01,21.59,57.08,2.23,3.16,11.376000000000001
2025-03-17,Cerrado,Brasília,-15.7942,-47.8825,27.61,35.52,20.34,50.24,0.29,3.13,11.268
2025-03-18,Cerrado,Brasília,-15.7942,-47.8825,26.36,33.49,20.88,57.9,3.23,2.86,10.296
2025-03-19,Cerrado,Brasília,-15.7942,-47.8825,26.08,33.65,19.73,60.39,0.79,3.18,11.448
2025-03-20,Cerrado,Brasília,-15.7942,-47.8825,25.82,34.19,19.13,63.15,3.36,2.38,8.568
2025-03-21,Cerrado,Brasília,-15.7942,-47.8825,25.35,31.97,19.44,68.61,8.82,2.24,8.064000000000002
2025-03-22,Cerrado,Brasília,-15.7942,-47.8825,24.87,30.67,20.24,71.22,3.82,1.43,5.148
2025-03-23,Cerrado,Brasília,-15.7942,-47.8825,24.21,29.56,19.92,73.97,6.87,1.91,6.8759999999999994
2025-03-24,Cerrado,Brasília,-15.7942,-47.8825,23.42,28.42,19.66,76.44,35.79,1.63,5.867999999999999
2025-03-25,Cerrado,Brasília,-15.7942,-47.8825,24.68,30.63,19.3,69.85,2.39,1.21,4.356
2025-03-26,Cerrado,Brasília,-15.7942,-47.8825,24.61,28.6,21.05,74.29,15.19,0.62,2.232
2025-03-27,Cerrado,Brasília,-15.7942,-47.8825,23.93,29.19,19.47,78.97,10.51,1.32,4.752000000000001
2025-03-28,Cerrado,Brasília,-15.7942,-47.8825,23.64,27.99,20.2,79.79,3.68,1.59,5.724
2025-03-29,Cerrado,Brasília,-15.7942,-47.8825,24.36,30.57,18.97,71.79,0.6,2.84,10.224
2025-03-30,Cerrado,Brasília,-15.7942,-47.8825,24.33,31.57,17.79,66.31,0.35,3.14,11.304
2025-03-31,Cerrado,Brasília,-15.7942,-47.8825,24.66,32.41,17.85,62.74,0.1,2.58,9.288
2025-04-01,Cerrado,Brasília,-15.7942,-47.8825,24.62,32.02,18.52,63.3,1.36,3.42,12.312
2025-04-02,Cerrado,Brasília,-15.7942,-47.8825,25.21,32.83,19.52,59.46,0.02,3.35,12.06
2025-04-03,Cerrado,Brasília,-15.7942,-47.8825,25.17,32.71,18.51,62.31,0.06,3.01,10.836
2025-04-04,Cerrado,Brasília,-15.7942,-47.8825,25.06,31.99,19.63,63.9,0.72,3.13,11.268
2025-04-05,Cerrado,Brasília,-15.7942,-47.8825,24.82,31.43,19.89,67.87,1.25,2.97,10.692
2025-04-06,Cerrado,Brasília,-15.7942,-47.8825,24.59,31.69,18.68,63.64,0.05,4.66,16.776
2025-04-07,Cerrado,Brasília,-15.7942,-47.8825,23.35,30.25,18.24,67.02,0.0,4.37,15.732000000000001
2025-04-08,Cerrado,Brasília,-15.7942,-47.8825,23.3,30.0,17.67,67.8,0.45,3.23,11.628
2025-04-09,Cerrado,Brasília,-15.7942,-47.8825,24.41,30.82,19.79,70.16,1.81,1.78,6.408
2025-04-10,Cerrado,Brasília,-15.7942,-47.8825,23.54,29.1,20.36,77.53,1.33,1.77,6.372
2025-04-11,Cerrado,Brasília,-15.7942,-47.8825,24.94,32.87,18.07,63.94,0.77,2.42,8.712
2025-04-12,Cerrado,Brasília,-15.7942,-47.8825,25.32,32.54,18.17,61.68,1.16,2.37,8.532
2025-04-13,Cerrado,Brasília,-15.7942,-47.8825,24.67,29.61,19.9,65.92,1.22,2.23,8.028
2025-04-14,Cerrado,Brasília,-15.7942,-47.8825,24.37,31.35,18.96,70.71,1.15,1.47,5.292
2025-04-15,Cerrado,Brasília,-15.7942,-47.8825,24.18,30.04,19.98,74.83,5.66,0.94,3.384
2025-04-16,Cerrado,Brasília,-15.7942,-47.8825,24.17,30.14,19.74,74.6,0.69,2.33,8.388
2025-04-17,Cerrado,Brasília,-15.7942,-47.8825,24.29,30.36,19.54,73.71,1.79,1.23,4.428
2025-04-18,Cerrado,Brasília,-15.7942,-47.8825,25.01,32.0,19.28,70.41,2.39,1.85,6.66
2025-04-19,Cerrado,Brasília,-15.7942,-47.8825,25.37,31.72,20.51,68.66,1.88,1.38,4.968
2025-04-20,Cerrado,Brasília,-15.7942,-47.8825,24.96,32.29,18.91,67.33,0.24,2.19,7.884
2025-04-21,Cerrado,Brasília,-15.7942,-47.8825,25.37,32.9,18.96,63.37,0.05,2.4,8.64
2025-04-22,Cerrado,Brasília,-15.7942,-47.8825,25.79,33.12,19.59,61.92,0.32,2.46,8.856
2025-04-23,Cerrado,Brasília,-15.7942,-47.8825,25.68,32.23,20.4,65.43,1.01,2.49,8.964
2025-04-24,Cerrado,Brasília,-15.7942,-47.8825,25.56,33.14,19.23,64.56,0.35,2.53,9.107999999999999
2025-04-25,Cerrado,Brasília,-15.7942,-47.8825,24.59,29.65,21.16,71.03,2.83,1.51,5.436
2025-04-26,Cerrado,Brasília,-15.7942,-47.8825,24.69,30.73,19.49,71.13,4.24,1.37,4.932
2025-04-27,Cerrado,Brasília,-15.7942,-47.8825,24.51,31.2,19.27,73.5,1.62,1.97,7.092
2025-04-28,Cerrado,Brasília,-15.7942,-47.8825,24.6,30.64,19.66,72.36,3.84,2.08,7.488
2025-04-29,Cerrado,Brasília,-15.7942,-47.8825,24.34,31.63,19.39,71.56,0.19,2.28,8.208
2025-04-30,Cerrado,Brasília,-15.7942,-47.8825,24.63,31.88,18.83,69.35,0.24,1.97,7.092
2025-05-01,Cerrado,Brasília,-15.7942,-47.8825,24.69,31.52,19.46,69.65,0.19,3.11,11.196
2025-05-02,Cerrado,Brasília,-15.7942,-47.8825,23.89,30.78,18.35,68.58,0.0,4.07,14.652000000000001
2025-05-03,Cerrado,Brasília,-15.7942,-47.8825,23.13,31.34,16.73,62.33,0.0,3.5,12.6
2025-05-04,Cerrado,Brasília,-15.7942,-47.8825,21.81,30.16,15.39,56.83,0.01,3.36,12.096
2025-05-05,Cerrado,Brasília,-15.7942,-47.8825,21.96,31.11,14.41,57.87,0.0,2.9,10.44
2025-05-06,Cerrado,Brasília,-15.7942,-47.8825,22.82,31.19,15.71,62.9,0.19,2.93,10.548
2025-05-07,Cerrado,Brasília,-15.7942,-47.8825,23.93,31.06,17.36,62.2,1.21,2.66,9.576
2025-05-08,Cerrado,Brasília,-15.7942,-47.8825,23.47,31.79,16.75,59.75,0.07,3.53,12.708
2025-05-09,Cerrado,Brasília,-15.7942,-47.8825,23.89,32.55,16.24,54.5,0.0,2.78,10.008
2025-05-10,Cerrado,Brasília,-15.7942,-47.8825,24.26,32.84,16.57,54.16,0.0,2.03,7.308
2025-05-11,Cerrado,Brasília,-15.7942,-47.8825,24.6,32.95,17.42,53.59,0.02,3.11,11.196
2025-05-12,Cerrado,Brasília,-15.7942,-47.8825,24.7,32.48,18.23,48.53,0.0,4.05,14.58
2025-05-13,Cerrado,Brasília,-15.7942,-47.8825,22.84,30.52,15.94,56.34,0.01,4.84,17.424
2025-05-14,Cerrado,Brasília,-15.7942,-47.8825,22.04,29.45,15.77,58.27,0.0,4.51,16.236
2025-05-15,Cerrado,Brasília,-15.7942,-47.8825,21.27,28.36,15.51,58.59,0.0,4.64,16.704
2025-05-16,Cerrado,Brasília,-15.7942,-47.8825,21.69,29.49,14.97,56.99,0.0,4.91,17.676000000000002
2025-05-17,Cerrado,Brasília,-15.7942,-47.8825,21.84,29.52,15.84,59.7,0.01,5.11,18.396
2025-05-18,Cerrado,Brasília,-15.7942,-47.8825,21.95,29.96,15.36,52.82,0.0,4.66,16.776
2025-05-19,Cerrado,Brasília,-15.7942,-47.8825,21.53,29.98,14.64,48.21,0.0,3.92,14.112
2025-05-20,Cerrado,Brasília,-15.7942,-47.8825,21.4,30.2,13.91,46.99,0.03,3.3,11.879999999999999
2025-05-21,Cerrado,Brasília,-15.7942,-47.8825,21.68,30.48,14.2,47.93,0.0,3.13,11.268
2025-05-22,Cerrado,Brasília,-15.7942,-47.8825,22.42,30.59,14.8,48.12,0.22,2.81,10.116
2025-05-23,Cerrado,Brasília,-15.7942,-47.8825,23.67,30.26,16.23,44.77,0.32,1.6,5.760000000000001
2025-05-24,Cerrado,Brasília,-15.7942,-47.8825,24.11,30.99,17.32,43.5,0.02,2.21,7.956
2025-05-25,Cerrado,Brasília,-15.7942,-47.8825,22.34,30.18,15.62,44.02,0.0,3.68,13.248000000000001
2025-05-26,Cerrado,Brasília,-15.7942,-47.8825,21.7,29.79,15.08,49.59,0.0,4.31,15.515999999999998
2025-05-27,Cerrado,Brasília,-15.7942,-47.8825,21.99,29.75,16.34,44.5,0.0,3.58,12.888
2025-05-28,Cerrado,Brasília,-15.7942,-47.8825,22.94,31.04,16.95,42.68,0.0,2.14,7.704000000000001
2025-05-29,Cerrado,Brasília,-15.7942,-47.8825,22.55,31.4,14.93,45.31,0.0,2.22,7.992000000000001
2025-05-30,Cerrado,Brasília,-15.7942,-47.8825,20.72,27.25,15.45,57.73,0.0,3.1,11.16
2025-05-31,Cerrado,Brasília,-15.7942,-47.8825,22.64,29.55,17.31,49.4,0.0,2.75,9.9
2025-06-01,Cerrado,Brasília,-15.7942,-47.8825,23.44,30.21,17.55,52.99,0.1,3.26,11.735999999999999
2025-06-02,Cerrado,Brasília,-15.7942,-47.8825,23.01,29.25,18.81,57.35,0.02,4.06,14.616
2025-06-03,Cerrado,Brasília,-15.7942,-47.8825,23.35,30.51,17.31,58.56,0.12,3.52,12.672
2025-06-04,Cerrado,Brasília,-15.7942,-47.8825,23.22,31.43,16.24,50.83,0.0,3.55,12.78
2025-06-05,Cerrado,Brasília,-15.7942,-47.8825,23.52,31.71,16.77,48.95,0.0,2.98,10.728
2025-06-06,Cerrado,Brasília,-15.7942,-47.8825,23.31,32.04,15.87,44.63,0.0,2.18,7.848000000000001
2025-06-07,Cerrado,Brasília,-15.7942,-47.8825,22.79,31.82,15.06,37.66,0.0,2.93,10.548
2025-06-08,Cerrado,Brasília,-15.7942,-47.8825,22.76,31.69,14.99,35.68,0.0,3.24,11.664000000000001
2025-06-09,Cerrado,Brasília,-15.7942,-47.8825,22.6,30.27,15.61,42.01,7.45,3.02,10.872
2025-06-10,Cerrado,Brasília,-15.7942,-47.8825,20.88,27.97,14.71,65.54,11.25,2.4,8.64
2025-06-11,Cerrado,Brasília,-15.7942,-47.8825,21.2,29.21,14.45,62.56,0.0,3.27,11.772
2025-06-12,Cerrado,Brasília,-15.7942,-47.8825,19.79,28.5,12.14,53.05,0.09,2.73,9.828
2025-06-13,Cerrado,Brasília,-15.7942,-47.8825,18.92,26.43,12.56,68.96,3.82,3.95,14.22
2025-06-14,Cerrado,Brasília,-15.7942,-47.8825,18.84,25.94,13.62,70.14,0.0,4.94,17.784000000000002
2025-06-15,Cerrado,Brasília,-15.7942,-47.8825,18.67,26.8,12.62,64.07,0.0,3.68,13.248000000000001
2025-06-16,Cerrado,Brasília,-15.7942,-47.8825,18.45,26.76,11.69,61.9,0.0,4.52,16.272
2025-06-17,Cerrado,Brasília,-15.7942,-47.8825,18.17,26.73,11.21,63.93,0.11,3.7,13.32
2025-06-18,Cerrado,Brasília,-15.7942,-47.8825,19.25,26.26,13.81,69.39,0.06,4.03,14.508000000000001
2025-06-19,Cerrado,Brasília,-15.7942,-47.8825,19.61,26.73,13.66,62.76,0.02,3.59,12.924
2025-06-20,Cerrado,Brasília,-15.7942,-47.8825,19.77,27.68,13.0,58.79,0.04,2.98,10.728
2025-06-21,Cerrado,Brasília,-15.7942,-47.8825,20.72,29.34,12.75,53.35,0.02,2.69,9.684
2025-06-22,Cerrado,Brasília,-15.7942,-47.8825,22.37,30.28,16.22,45.57,0.0,2.16,7.776000000000001
2025-06-23,Cerrado,Brasília,-15.7942,-47.8825,22.82,31.3,15.14,50.77,0.01,1.93,6.9479999999999995
2025-06-24,Cerrado,Brasília,-15.7942,-47.8825,22.25,28.88,16.25,58.68,0.01,2.18,7.848000000000001
2025-06-25,Cerrado,Brasília,-15.7942,-47.8825,20.58,29.11,13.18,57.93,0.0,4.3,15.48
2025-06-26,Cerrado,Brasília,-15.7942,-47.8825,21.18,28.74,14.74,62.14,0.0,4.31,15.515999999999998
2025-06-27,Cerrado,Brasília,-15.7942,-47.8825,21.3,30.0,14.01,55.44,0.0,3.41,12.276000000000002
2025-06-28,Cerrado,Brasília,-15.7942,-47.8825,20.93,29.29,14.57,56.07,0.0,4.56,16.416
2025-06-29,Cerrado,Brasília,-15.7942,-47.8825,20.76,29.2,12.97,51.05,0.0,3.18,11.448
2025-06-30,Cerrado,Brasília,-15.7942,-47.8825,21.34,29.48,14.56,52.03,0.0,3.53,12.708
2025-01-01,Pantanal,Corumbá,-19.009,-57.653,33.05,40.5,26.27,50.53,0.0,2.94,10.584
2025-01-02,Pantanal,Corumbá,-19.009,-57.653,33.32,38.72,28.46,51.93,1.23,2.6,9.360000000000001
2025-01-03,Pantanal,Corumbá,-19.009,-57.653,31.55,35.99,27.16,59.38,1.6,2.12,7.632000000000001
2025-01-04,Pantanal,Corumbá,-19.009,-57.653,30.83,34.77,27.46,60.81,1.69,2.01,7.236
2025-01-05,Pantanal,Corumbá,-19.009,-57.653,30.15,34.9,25.84,66.74,13.05,1.51,5.436
2025-01-06,Pantanal,Corumbá,-19.009,-57.653,30.59,35.91,26.12,65.35,4.33,1.64,5.904
2025-01-07,Pantanal,Corumbá,-19.009,-57.653,30.36,34.84,26.73,66.4,5.83,1.7,6.12
2025-01-08,Pantanal,Corumbá,-19.009,-57.653,31.12,38.7,25.4,61.28,0.23,1.83,6.588
2025-01-09,Pantanal,Corumbá,-19.009,-57.653,32.36,39.06,26.47,57.16,0.01,1.99,7.164
2025-01-10,Pantanal,Corumbá,-19.009,-57.653,32.98,39.89,26.34,52.18,0.22,2.06,7.416
2025-01-11,Pantanal,Corumbá,-19.009,-57.653,32.29,37.84,27.12,53.0,1.13,2.42,8.712
2025-01-12,Pantanal,Corumbá,-19.009,-57.653,31.8,38.14,25.93,55.24,1.98,2.4,8.64
2025-01-13,Pantanal,Corumbá,-19.009,-57.653,30.87,36.48,25.94,53.82,1.63,2.12,7.632000000000001
2025-01-14,Pantanal,Corumbá,-19.009,-57.653,31.48,38.24,25.96,55.95,0.47,2.16,7.776000000000001
2025-01-15,Pantanal,Corumbá,-19.009,-57.653,32.48,39.3,26.38,50.82,0.04,2.36,8.496
2025-01-16,Pantanal,Corumbá,-19.009,-57.653,33.38,40.26,26.84,47.96,0.0,1.86,6.696000000000001
2025-01-17,Pantanal,Corumbá,-19.009,-57.653,33.01,40.08,27.1,47.74,4.18,2.18,7.848000000000001
2025-01-18,Pantanal,Corumbá,-19.009,-57.653,30.88,36.22,26.58,61.07,8.15,3.47,12.492
2025-01-19,Pantanal,Corumbá,-19.009,-57.653,29.58,33.61,26.15,68.0,4.38,2.73,9.828
2025-01-20,Pantanal,Corumbá,-19.009,-57.653,27.8,30.57,25.42,78.64,6.96,1.93,6.9479999999999995
2025-01-21,Pantanal,Corumbá,-19.009,-57.653,28.76,34.1,24.29,70.2,6.67,3.66,13.176
2025-01-22,Pantanal,Corumbá,-19.009,-57.653,29.47,35.39,24.52,65.41,2.73,3.65,13.14
2025-01-23,Pantanal,Corumbá,-19.009,-57.653,30.06,36.4,24.71,59.98,1.17,3.35,12.06
2025-01-24,Pantanal,Corumbá,-19.009,-57.653,31.76,39.13,25.38,55.94,0.0,3.35,12.06
2025-01-25,Pantanal,Corumbá,-19.009,-57.653,32.71,38.59,27.26,52.97,2.53,2.3,8.28
2025-01-26,Pantanal,Corumbá,-19.009,-57.653,31.9,37.23,26.84,56.83,1.26,2.37,8.532
2025-01-27,Pantanal,Corumbá,-19.009,-57.653,33.07,39.97,27.17,51.25,0.18,3.37,12.132000000000001
2025-01-28,Pantanal,Corumbá,-19.009,-57.653,32.83,39.13,26.82,52.59,0.04,3.57,12.852
2025-01-29,Pantanal,Corumbá,-19.009,-57.653,32.68,39.27,27.65,52.19,1.25,3.22,11.592
2025-01-30,Pantanal,Corumbá,-19.009,-57.653,29.5,33.19,26.85,66.67,2.95,1.55,5.58
2025-01-31,Pantanal,Corumbá,-19.009,-57.653,30.01,36.27,25.13,69.52,6.99,2.39,8.604000000000001
2025-02-01,Pantanal,Corumbá,-19.009,-57.653,30.61,37.72,24.67,64.02,5.38,2.46,8.856
2025-02-02,Pantanal,Corumbá,-19.009,-57.653,30.94,38.56,24.55,58.15,1.01,2.98,10.728
2025-02-03,Pantanal,Corumbá,-19.009,-57.653,31.5,37.91,26.09,53.57,0.04,3.04,10.944
2025-02-04,Pantanal,Corumbá,-19.009,-57.653,31.5,38.09,25.06,50.1,0.43,3.3,11.879999999999999
2025-02-05,Pantanal,Corumbá,-19.009,-57.653,30.62,36.03,25.79,59.34,2.63,4.56,16.416
2025-02-06,Pantanal,Corumbá,-19.009,-57.653,28.0,31.23,24.46,73.2,11.21,3.18,11.448
2025-02-07,Pantanal,Corumbá,-19.009,-57.653,28.71,33.29,24.5,70.99,6.98,1.22,4.392
2025-02-08,Pantanal,Corumbá,-19.009,-57.653,29.21,34.89,23.92,65.15,3.55,2.17,7.812
2025-02-09,Pantanal,Corumbá,-19.009,-57.653,31.46,39.08,24.68,55.11,0.55,2.52,9.072000000000001
2025-02-10,Pantanal,Corumbá,-19.009,-57.653,31.72,38.22,25.31,51.56,0.11,3.26,11.735999999999999
2025-02-11,Pantanal,Corumbá,-19.009,-57.653,30.2,35.74,25.14,55.95,2.22,3.78,13.607999999999999
2025-02-12,Pantanal,Corumbá,-19.009,-57.653,29.39,35.37,23.75,60.21,3.86,4.32,15.552000000000001
2025-02-13,Pantanal,Corumbá,-19.009,-57.653,29.71,36.47,23.75,60.81,3.65,3.36,12.096
2025-02-14,Pantanal,Corumbá,-19.009,-57.653,31.26,37.75,26.0,55.07,0.17,3.41,12.276000000000002
2025-02-15,Pantanal,Corumbá,-19.009,-57.653,31.68,38.81,25.24,52.37,0.23,4.26,15.336
2025-02-16,Pantanal,Corumbá,-19.009,-57.653,31.68,36.97,26.05,54.09,0.0,3.86,13.895999999999999
2025-02-17,Pantanal,Corumbá,-19.009,-57.653,32.55,39.6,26.29,50.51,0.0,3.65,13.14
2025-02-18,Pantanal,Corumbá,-19.009,-57.653,32.31,37.71,27.15,51.88,0.97,3.23,11.628
2025-02-19,Pantanal,Corumbá,-19.009,-57.653,30.65,34.71,26.1,58.09,4.93,1.96,7.056
2025-02-20,Pantanal,Corumbá,-19.009,-57.653,31.05,36.31,26.76,59.53,4.24,2.62,9.432
2025-02-21,Pantanal,Corumbá,-19.009,-57.653,30.82,35.43,25.97,57.03,0.32,2.29,8.244
2025-02-22,Pantanal,Corumbá,-19.009,-57.653,32.33,38.8,26.39,52.3,3.09,2.29,8.244
2025-02-23,Pantanal,Corumbá,-19.009,-57.653,31.07,36.31,26.15,61.27,4.63,2.6,9.360000000000001
2025-02-24,Pantanal,Corumbá,-19.009,-57.653,32.05,38.27,26.37,54.39,0.09,2.44,8.784
2025-02-25,Pantanal,Corumbá,-19.009,-57.653,29.26,32.07,26.54,68.27,15.66,2.3,8.28
2025-02-26,Pantanal,Corumbá,-19.009,-57.653,27.97,32.67,24.56,77.88,14.05,3.43,12.348
2025-02-27,Pantanal,Corumbá,-19.009,-57.653,28.66,33.34,24.72,68.34,3.18,3.79,13.644
2025-02-28,Pantanal,Corumbá,-19.009,-57.653,28.47,33.44,24.06,71.2,1.61,3.32,11.952
2025-03-01,Pantanal,Corumbá,-19.009,-57.653,29.52,34.57,25.43,64.07,0.12,2.85,10.26
2025-03-02,Pantanal,Corumbá,-19.009,-57.653,30.81,36.89,25.41,58.88,4.96,2.31,8.316
2025-03-03,Pantanal,Corumbá,-19.009,-57.653,29.92,35.98,24.55,62.51,2.51,3.03,10.908
2025-03-04,Pantanal,Corumbá,-19.009,-57.653,30.92,37.16,25.79,55.93,0.0,2.46,8.856
2025-03-05,Pantanal,Corumbá,-19.009,-57.653,30.02,35.01,25.38,57.3,0.18,3.14,11.304
2025-03-06,Pantanal,Corumbá,-19.009,-57.653,29.62,36.72,23.26,57.65,0.91,3.66,13.176
2025-03-07,Pantanal,Corumbá,-19.009,-57.653,29.89,37.39,23.22,53.41,0.48,3.11,11.196
2025-03-08,Pantanal,Corumbá,-19.009,-57.653,31.11,38.44,24.63,53.62,0.6,2.99,10.764000000000001
2025-03-09,Pantanal,Corumbá,-19.009,-57.653,30.24,35.63,25.57,62.11,2.96,1.28,4.6080000000000005
2025-03-10,Pantanal,Corumbá,-19.009,-57.653,29.14,33.11,26.01,63.12,1.82,1.73,6.228
2025-03-11,Pantanal,Corumbá,-19.009,-57.653,29.48,35.48,24.76,61.81,2.41,1.48,5.328
2025-03-12,Pantanal,Corumbá,-19.009,-57.653,29.63,36.4,24.18,61.81,0.82,2.28,8.208
2025-03-13,Pantanal,Corumbá,-19.009,-57.653,29.77,35.38,25.34,60.82,0.34,2.12,7.632000000000001
2025-03-14,Pantanal,Corumbá,-19.009,-57.653,30.3,37.12,24.89,58.32,0.1,1.5,5.4
2025-03-15,Pantanal,Corumbá,-19.009,-57.653,31.2,37.11,25.91,56.12,1.58,2.03,7.308
2025-03-16,Pantanal,Corumbá,-19.009,-57.653,32.45,39.67,25.72,50.85,0.05,1.85,6.66
2025-03-17,Pantanal,Corumbá,-19.009,-57.653,33.58,40.38,27.32,48.25,1.42,1.96,7.056
2025-03-18,Pantanal,Corumbá,-19.009,-57.653,31.11,34.91,27.17,65.1,14.06,1.43,5.148
2025-03-19,Pantanal,Corumbá,-19.009,-57.653,29.89,35.75,25.35,61.91,0.52,3.61,12.996
2025-03-20,Pantanal,Corumbá,-19.009,-57.653,30.49,38.01,23.15,53.58,0.0,1.97,7.092
2025-03-21,Pantanal,Corumbá,-19.009,-57.653,31.51,39.21,24.02,49.72,0.0,2.49,8.964
2025-03-22,Pantanal,Corumbá,-19.009,-57.653,31.34,38.7,24.43,51.02,0.35,3.43,12.348
2025-03-23,Pantanal,Corumbá,-19.009,-57.653,31.21,36.47,27.19,59.87,2.85,3.34,12.024
2025-03-24,Pantanal,Corumbá,-19.009,-57.653,29.77,34.61,25.6,68.94,8.68,3.21,11.556000000000001
2025-03-25,Pantanal,Corumbá,-19.009,-57.653,29.27,34.28,24.91,74.02,12.33,2.2,7.920000000000001
2025-03-26,Pantanal,Corumbá,-19.009,-57.653,30.36,34.62,26.07,65.75,6.48,1.18,4.248
2025-03-27,Pantanal,Corumbá,-19.009,-57.653,30.73,35.55,26.02,63.22,0.07,2.47,8.892000000000001
2025-03-28,Pantanal,Corumbá,-19.009,-57.653,30.89,36.32,26.25,61.49,0.34,3.14,11.304
2025-03-29,Pantanal,Corumbá,-19.009,-57.653,30.17,33.99,26.67,65.13,10.3,1.61,5.796
2025-03-30,Pantanal,Corumbá,-19.009,-57.653,29.06,33.34,25.63,73.71,11.2,2.2,7.920000000000001
2025-03-31,Pantanal,Corumbá,-19.009,-57.653,26.42,28.48,24.81,88.78,6.71,2.63,9.468
2025-04-01,Pantanal,Corumbá,-19.009,-57.653,24.71,26.19,21.77,85.8,13.4,3.12,11.232000000000001
2025-04-02,Pantanal,Corumbá,-19.009,-57.653,25.08,32.7,19.51,73.2,0.07,2.17,7.812
2025-04-03,Pantanal,Corumbá,-19.009,-57.653,28.8,35.67,22.72,65.1,0.05,1.69,6.084
2025-04-04,Pantanal,Corumbá,-19.009,-57.653,29.33,35.05,24.43,63.43,0.22,3.28,11.808
2025-04-05,Pantanal,Corumbá,-19.009,-57.653,24.75,30.38,18.93,62.65,0.03,5.36,19.296000000000003
2025-04-06,Pantanal,Corumbá,-19.009,-57.653,26.36,34.52,19.89,60.63,0.0,3.31,11.916
2025-04-07,Pantanal,Corumbá,-19.009,-57.653,28.73,33.52,24.3,64.75,0.11,2.21,7.956
2025-04-08,Pantanal,Corumbá,-19.009,-57.653,28.39,33.44,24.3,67.06,0.08,2.08,7.488
2025-04-09,Pantanal,Corumbá,-19.009,-57.653,27.76,32.84,23.75,65.96,0.0,2.07,7.452
2025-04-10,Pantanal,Corumbá,-19.009,-57.653,28.6,34.88,23.31,62.24,0.55,1.42,5.112
2025-04-11,Pantanal,Corumbá,-19.009,-57.653,29.89,35.77,24.59,61.98,0.34,2.17,7.812
2025-04-12,Pantanal,Corumbá,-19.009,-57.653,28.81,32.13,26.3,69.63,14.05,2.33,8.388
2025-04-13,Pantanal,Corumbá,-19.009,-57.653,27.66,32.04,24.59,75.15,4.07,1.64,5.904
2025-04-14,Pantanal,Corumbá,-19.009,-57.653,27.25,33.36,22.33,74.2,0.98,1.67,6.012
2025-04-15,Pantanal,Corumbá,-19.009,-57.653,29.14,34.13,24.92,65.44,5.46,1.66,5.976
2025-04-16,Pantanal,Corumbá,-19.009,-57.653,27.77,32.32,24.37,79.64,12.41,2.28,8.208
2025-04-17,Pantanal,Corumbá,-19.009,-57.653,27.79,33.39,23.21,78.86,1.52,2.32,8.352
2025-04-18,Pantanal,Corumbá,-19.009,-57.653,29.51,35.16,24.65,68.25,2.18,3.25,11.700000000000001
2025-04-19,Pantanal,Corumbá,-19.009,-57.653,28.54,32.94,24.6,76.91,7.19,2.99,10.764000000000001
2025-04-20,Pantanal,Corumbá,-19.009,-57.653,27.96,32.56,24.23,77.4,1.34,1.3,4.680000000000001
2025-04-21,Pantanal,Corumbá,-19.009,-57.653,28.59,33.51,23.98,69.66,0.04,1.72,6.192
2025-04-22,Pantanal,Corumbá,-19.009,-57.653,28.85,33.62,24.37,68.18,0.14,1.48,5.328
2025-04-23,Pantanal,Corumbá,-19.009,-57.653,28.33,32.15,25.19,73.73,4.72,1.87,6.732
2025-04-24,Pantanal,Corumbá,-19.009,-57.653,26.83,29.88,24.4,86.85,11.11,2.28,8.208
2025-04-25,Pantanal,Corumbá,-19.009,-57.653,26.91,30.12,24.71,85.25,4.48,2.48,8.928
2025-04-26,Pantanal,Corumbá,-19.009,-57.653,26.43,29.0,24.31,86.62,0.4,2.71,9.756
2025-04-27,Pantanal,Corumbá,-19.009,-57.653,28.08,33.78,23.56,77.51,1.53,3.33,11.988000000000001
2025-04-28,Pantanal,Corumbá,-19.009,-57.653,25.8,30.2,22.21,77.73,2.52,4.13,14.868
2025-04-29,Pantanal,Corumbá,-19.009,-57.653,25.11,31.23,19.6,65.65,0.01,3.28,11.808
2025-04-30,Pantanal,Corumbá,-19.009,-57.653,24.19,31.6,17.44,61.67,0.0,1.98,7.128
2025-05-01,Pantanal,Corumbá,-19.009,-57.653,25.0,33.49,17.76,58.41,0.0,2.63,9.468
2025-05-02,Pantanal,Corumbá,-19.009,-57.653,26.08,34.42,18.98,62.38,0.0,2.61,9.395999999999999
2025-05-03,Pantanal,Corumbá,-19.009,-57.653,26.64,34.92,19.76,58.67,0.0,2.41,8.676
2025-05-04,Pantanal,Corumbá,-19.009,-57.653,27.79,34.8,21.87,62.52,0.07,3.05,10.98
2025-05-05,Pantanal,Corumbá,-19.009,-57.653,28.57,33.8,24.33,67.38,4.47,2.81,10.116
2025-05-06,Pantanal,Corumbá,-19.009,-57.653,27.61,35.14,21.36,66.23,0.63,2.97,10.692
2025-05-07,Pantanal,Corumbá,-19.009,-57.653,27.88,35.66,21.5,58.2,0.0,3.65,13.14
2025-05-08,Pantanal,Corumbá,-19.009,-57.653,28.46,35.16,22.79,58.06,0.0,4.5,16.2
2025-05-09,Pantanal,Corumbá,-19.009,-57.653,29.4,35.72,24.08,61.28,0.05,4.29,15.444
2025-05-10,Pantanal,Corumbá,-19.009,-57.653,25.84,28.75,23.44,69.86,0.35,4.16,14.976
2025-05-11,Pantanal,Corumbá,-19.009,-57.653,24.1,31.02,19.15,61.58,0.04,3.78,13.607999999999999
2025-05-12,Pantanal,Corumbá,-19.009,-57.653,24.9,33.22,17.73,63.03,0.0,1.99,7.164
2025-05-13,Pantanal,Corumbá,-19.009,-57.653,27.53,35.32,21.0,61.37,0.0,2.24,8.064000000000002
2025-05-14,Pantanal,Corumbá,-19.009,-57.653,27.79,35.79,20.83,57.82,0.0,3.08,11.088000000000001
2025-05-15,Pantanal,Corumbá,-19.009,-57.653,27.35,34.97,21.2,53.75,0.0,3.95,14.22
2025-05-16,Pantanal,Corumbá,-19.009,-57.653,26.62,35.14,19.66,51.93,0.0,3.74,13.464
2025-05-17,Pantanal,Corumbá,-19.009,-57.653,26.65,35.27,20.0,51.7,0.0,4.15,14.940000000000001
2025-05-18,Pantanal,Corumbá,-19.009,-57.653,27.06,35.08,20.68,52.76,0.0,3.93,14.148000000000001
2025-05-19,Pantanal,Corumbá,-19.009,-57.653,27.83,34.31,23.52,55.51,0.0,2.57,9.251999999999999
2025-05-20,Pantanal,Corumbá,-19.009,-57.653,28.44,35.8,22.16,53.83,0.01,2.38,8.568
2025-05-21,Pantanal,Corumbá,-19.009,-57.653,28.24,35.46,22.15,52.52,0.0,2.27,8.172
2025-05-22,Pantanal,Corumbá,-19.009,-57.653,27.09,34.86,20.53,50.69,0.0,2.19,7.884
2025-05-23,Pantanal,Corumbá,-19.009,-57.653,26.47,34.85,19.82,46.15,0.0,2.53,9.107999999999999
2025-05-24,Pantanal,Corumbá,-19.009,-57.653,25.46,35.1,17.44,44.98,0.0,3.17,11.412
2025-05-25,Pantanal,Corumbá,-19.009,-57.653,26.54,35.75,19.35,49.26,0.0,3.17,11.412
2025-05-26,Pantanal,Corumbá,-19.009,-57.653,27.38,34.9,21.27,50.08,0.0,4.2,15.120000000000001
2025-05-27,Pantanal,Corumbá,-19.009,-57.653,27.45,32.32,23.33,52.81,1.2,5.47,19.692
2025-05-28,Pantanal,Corumbá,-19.009,-57.653,20.58,26.05,15.36,62.74,14.42,5.97,21.492
2025-05-29,Pantanal,Corumbá,-19.009,-57.653,15.07,20.51,10.96,50.95,0.0,3.49,12.564000000000002
2025-05-30,Pantanal,Corumbá,-19.009,-57.653,15.8,24.76,8.09,54.82,0.02,1.57,5.652
2025-05-31,Pantanal,Corumbá,-19.009,-57.653,19.58,27.09,13.68,56.07,0.0,1.56,5.6160000000000005
2025-06-01,Pantanal,Corumbá,-19.009,-57.653,21.78,29.33,15.86,56.98,0.0,2.38,8.568
2025-06-02,Pantanal,Corumbá,-19.009,-57.653,23.83,32.52,16.77,57.25,0.06,2.32,8.352
2025-06-03,Pantanal,Corumbá,-19.009,-57.653,25.84,34.28,18.8,58.65,0.01,2.34,8.424
2025-06-04,Pantanal,Corumbá,-19.009,-57.653,27.57,35.79,21.46,62.39,0.22,3.88,13.968
2025-06-05,Pantanal,Corumbá,-19.009,-57.653,27.06,34.24,21.24,64.23,4.1,2.95,10.620000000000001
2025-06-06,Pantanal,Corumbá,-19.009,-57.653,26.08,31.97,21.37,73.44,1.55,2.35,8.46
2025-06-07,Pantanal,Corumbá,-19.009,-57.653,27.16,34.87,21.27,58.34,0.0,2.95,10.620000000000001
2025-06-08,Pantanal,Corumbá,-19.009,-57.653,24.84,26.75,22.63,71.01,5.97,2.37,8.532
2025-06-09,Pantanal,Corumbá,-19.009,-57.653,20.43,26.44,16.22,68.64,3.57,4.79,17.244
2025-06-10,Pantanal,Corumbá,-19.009,-57.653,20.05,27.38,14.04,54.57,0.02,3.03,10.908
2025-06-11,Pantanal,Corumbá,-19.009,-57.653,21.03,26.42,16.56,51.03,0.0,2.29,8.244
2025-06-12,Pantanal,Corumbá,-19.009,-57.653,22.85,31.07,16.5,54.48,0.0,2.58,9.288
2025-06-13,Pantanal,Corumbá,-19.009,-57.653,25.44,32.92,20.48,56.21,0.01,4.37,15.732000000000001
2025-06-14,Pantanal,Corumbá,-19.009,-57.653,26.89,33.66,22.03,58.77,0.45,4.64,16.704
2025-06-15,Pantanal,Corumbá,-19.009,-57.653,24.2,29.56,18.72,71.73,1.37,2.42,8.712
2025-06-16,Pantanal,Corumbá,-19.009,-57.653,27.01,34.99,21.69,60.75,0.0,4.73,17.028000000000002
2025-06-17,Pantanal,Corumbá,-19.009,-57.653,26.59,33.67,20.86,54.01,0.0,4.34,15.624
2025-06-18,Pantanal,Corumbá,-19.009,-57.653,26.14,34.23,19.68,51.17,0.0,3.43,12.348
2025-06-19,Pantanal,Corumbá,-19.009,-57.653,23.44,28.74,18.74,62.15,0.04,3.3,11.879999999999999
2025-06-20,Pantanal,Corumbá,-19.009,-57.653,21.67,28.29,16.09,64.23,0.0,3.66,13.176
2025-06-21,Pantanal,Corumbá,-19.009,-57.653,23.63,32.28,16.79,58.57,0.0,2.44,8.784
2025-06-22,Pantanal,Corumbá,-19.009,-57.653,25.91,33.27,20.46,57.95,0.0,4.89,17.604
2025-06-23,Pantanal,Corumbá,-19.009,-57.653,22.98,26.24,17.11,64.72,0.39,6.05,21.78
2025-06-24,Pantanal,Corumbá,-19.009,-57.653,15.57,22.79,8.68,44.58,0.0,3.73,13.428
2025-06-25,Pantanal,Corumbá,-19.009,-57.653,19.45,30.29,11.44,46.85,0.0,4.12,14.832
2025-06-26,Pantanal,Corumbá,-19.009,-57.653,24.59,31.99,19.52,62.37,0.0,3.26,11.735999999999999
2025-06-27,Pantanal,Corumbá,-19.009,-57.653,24.4,30.89,18.61,63.5,0.0,2.54,9.144
2025-06-28,Pantanal,Corumbá,-19.009,-57.653,26.95,35.29,20.42,57.34,0.0,3.55,12.78
2025-06-29,Pantanal,Corumbá,-19.009,-57.653,24.82,33.66,18.85,58.11,0.0,4.19,15.084000000000001
2025-06-30,Pantanal,Corumbá,-19.009,-57.653,16.49,20.67,12.96,58.08,0.0,7.46,26.856
2025-01-01,Caatinga,Petrolina,-9.3891,-40.5027,30.75,38.45,23.09,41.94,0.0,5.03,18.108
2025-01-02,Caatinga,Petrolina,-9.3891,-40.5027,31.22,38.49,23.74,40.26,0.0,5.31,19.116
2025-01-03,Caatinga,Petrolina,-9.3891,-40.5027,31.15,39.52,22.86,36.3,0.0,4.67,16.812
2025-01-04,Caatinga,Petrolina,-9.3891,-40.5027,31.46,39.3,23.28,39.79,0.0,4.42,15.912
2025-01-05,Caatinga,Petrolina,-9.3891,-40.5027,32.32,38.96,24.81,40.35,0.28,4.16,14.976
2025-01-06,Caatinga,Petrolina,-9.3891,-40.5027,32.32,38.45,25.25,41.88,0.28,4.18,15.048
2025-01-07,Caatinga,Petrolina,-9.3891,-40.5027,32.14,38.09,25.44,41.5,0.18,3.39,12.204
2025-01-08,Caatinga,Petrolina,-9.3891,-40.5027,31.78,37.64,26.22,43.64,0.19,3.16,11.376000000000001
2025-01-09,Caatinga,Petrolina,-9.3891,-40.5027,30.74,36.36,25.88,50.55,4.94,2.94,10.584
2025-01-10,Caatinga,Petrolina,-9.3891,-40.5027,26.76,29.12,24.93,72.6,5.55,2.56,9.216000000000001
2025-01-11,Caatinga,Petrolina,-9.3891,-40.5027,27.26,32.69,23.48,70.29,7.2,1.95,7.02
2025-01-12,Caatinga,Petrolina,-9.3891,-40.5027,27.13,32.37,23.39,73.47,7.7,1.9,6.84
2025-01-13,Caatinga,Petrolina,-9.3891,-40.5027,26.19,30.39,22.8,75.47,13.61,3.09,11.124
2025-01-14,Caatinga,Petrolina,-9.3891,-40.5027,26.06,30.18,23.23,76.94,19.36,2.69,9.684
2025-01-15,Caatinga,Petrolina,-9.3891,-40.5027,24.4,26.88,22.84,85.79,36.29,2.34,8.424
2025-01-16,Caatinga,Petrolina,-9.3891,-40.5027,25.33,29.01,22.59,79.89,3.24,0.83,2.988
2025-01-17,Caatinga,Petrolina,-9.3891,-40.5027,25.24,30.59,20.7,75.31,1.22,3.95,14.22
2025-01-18,Caatinga,Petrolina,-9.3891,-40.5027,25.18,31.26,19.99,71.48,0.4,3.84,13.824
2025-01-19,Caatinga,Petrolina,-9.3891,-40.5027,25.2,30.4,20.37,71.25,0.55,2.83,10.188
2025-01-20,Caatinga,Petrolina,-9.3891,-40.5027,26.54,32.63,21.47,69.8,0.23,3.05,10.98
2025-01-21,Caatinga,Petrolina,-9.3891,-40.5027,27.43,33.51,22.28,69.91,0.24,3.01,10.836
2025-01-22,Caatinga,Petrolina,-9.3891,-40.5027,27.61,34.02,21.92,64.39,0.42,3.83,13.788
2025-01-23,Caatinga,Petrolina,-9.3891,-40.5027,27.42,34.01,21.87,65.08,0.25,4.03,14.508000000000001
2025-01-24,Caatinga,Petrolina,-9.3891,-40.5027,26.9,34.26,20.21,61.52,0.0,4.83,17.388
2025-01-25,Caatinga,Petrolina,-9.3891,-40.5027,26.98,34.26,21.07,62.1,0.0,4.46,16.056
2025-01-26,Caatinga,Petrolina,-9.3891,-40.5027,27.22,33.8,21.68,62.26,0.0,4.27,15.371999999999998
2025-01-27,Caatinga,Petrolina,-9.3891,-40.5027,27.41,32.9,22.75,65.75,0.18,2.96,10.656
2025-01-28,Caatinga,Petrolina,-9.3891,-40.5027,27.71,33.8,22.57,64.48,1.18,3.73,13.428
2025-01-29,Caatinga,Petrolina,-9.3891,-40.5027,27.33,33.16,22.47,69.22,12.58,3.31,11.916
2025-01-30,Caatinga,Petrolina,-9.3891,-40.5027,26.49,31.59,22.09,72.41,8.78,4.43,15.947999999999999
2025-01-31,Caatinga,Petrolina,-9.3891,-40.5027,26.8,33.71,21.01,64.69,0.57,3.66,13.176
2025-02-01,Caatinga,Petrolina,-9.3891,-40.5027,27.55,34.54,21.11,59.97,0.0,4.05,14.58
2025-02-02,Caatinga,Petrolina,-9.3891,-40.5027,27.46,33.95,21.68,61.99,0.0,3.73,13.428
2025-02-03,Caatinga,Petrolina,-9.3891,-40.5027,28.05,35.23,21.96,58.28,0.0,5.32,19.152
2025-02-04,Caatinga,Petrolina,-9.3891,-40.5027,27.65,35.05,21.2,58.3,0.0,6.24,22.464000000000002
2025-02-05,Caatinga,Petrolina,-9.3891,-40.5027,27.07,34.83,20.17,57.78,0.0,5.38,19.368
2025-02-06,Caatinga,Petrolina,-9.3891,-40.5027,27.19,33.28,22.26,63.36,0.39,5.16,18.576
2025-02-07,Caatinga,Petrolina,-9.3891,-40.5027,27.11,34.2,21.76,63.25,0.12,5.04,18.144000000000002
2025-02-08,Caatinga,Petrolina,-9.3891,-40.5027,27.74,35.12,21.55,57.27,0.0,5.63,20.268
2025-02-09,Caatinga,Petrolina,-9.3891,-40.5027,28.19,35.73,21.24,54.73,0.0,5.11,18.396
2025-02-10,Caatinga,Petrolina,-9.3891,-40.5027,28.23,34.99,22.46,58.92,0.05,5.64,20.304
2025-02-11,Caatinga,Petrolina,-9.3891,-40.5027,27.74,34.24,22.32,56.75,0.0,5.75,20.7
2025-02-12,Caatinga,Petrolina,-9.3891,-40.5027,28.41,36.0,21.31,52.38,0.0,5.42,19.512
2025-02-13,Caatinga,Petrolina,-9.3891,-40.5027,28.76,36.16,21.59,51.31,0.0,4.92,17.712
2025-02-14,Caatinga,Petrolina,-9.3891,-40.5027,29.16,36.65,21.88,49.72,0.0,4.81,17.316
2025-02-15,Caatinga,Petrolina,-9.3891,-40.5027,29.46,36.95,21.93,48.59,0.0,5.04,18.144000000000002
2025-02-16,Caatinga,Petrolina,-9.3891,-40.5027,29.24,36.96,21.81,49.75,0.0,6.44,23.184
2025-02-17,Caatinga,Petrolina,-9.3891,-40.5027,29.17,36.94,22.05,52.55,0.0,5.81,20.916
2025-02-18,Caatinga,Petrolina,-9.3891,-40.5027,29.69,37.44,22.56,49.3,0.01,4.94,17.784000000000002
2025-02-19,Caatinga,Petrolina,-9.3891,-40.5027,29.85,37.31,22.46,47.36,0.0,4.76,17.136
2025-02-20,Caatinga,Petrolina,-9.3891,-40.5027,30.76,37.68,24.15,45.71,0.0,5.37,19.332
2025-02-21,Caatinga,Petrolina,-9.3891,-40.5027,30.31,37.01,23.93,49.04,0.18,5.67,20.412
2025-02-22,Caatinga,Petrolina,-9.3891,-40.5027,29.96,37.14,23.5,48.71,0.05,5.62,20.232
2025-02-23,Caatinga,Petrolina,-9.3891,-40.5027,29.34,35.5,22.89,50.6,0.0,5.45,19.62
2025-02-24,Caatinga,Petrolina,-9.3891,-40.5027,29.63,36.5,22.77,48.01,0.0,5.53,19.908
2025-02-25,Caatinga,Petrolina,-9.3891,-40.5027,29.82,37.03,22.71,48.6,0.0,6.04,21.744
2025-02-26,Caatinga,Petrolina,-9.3891,-40.5027,29.58,36.14,23.46,49.16,0.0,5.56,20.016
2025-02-27,Caatinga,Petrolina,-9.3891,-40.5027,30.09,36.67,23.54,48.06,0.01,5.63,20.268
2025-02-28,Caatinga,Petrolina,-9.3891,-40.5027,29.33,36.25,23.53,54.29,0.29,6.69,24.084000000000003
2025-03-01,Caatinga,Petrolina,-9.3891,-40.5027,28.66,35.62,22.62,48.28,0.04,7.07,25.452
2025-03-02,Caatinga,Petrolina,-9.3891,-40.5027,29.22,37.01,21.48,52.0,0.94,5.97,21.492
2025-03-03,Caatinga,Petrolina,-9.3891,-40.5027,29.61,36.55,23.49,53.31,0.02,7.05,25.38
2025-03-04,Caatinga,Petrolina,-9.3891,-40.5027,28.77,36.06,21.92,52.66,0.11,6.93,24.948
2025-03-05,Caatinga,Petrolina,-9.3891,-40.5027,28.4,35.13,22.45,53.76,0.09,6.74,24.264000000000003
2025-03-06,Caatinga,Petrolina,-9.3891,-40.5027,29.22,36.46,22.7,52.19,0.0,7.04,25.344
2025-03-07,Caatinga,Petrolina,-9.3891,-40.5027,29.31,36.48,22.64,49.85,0.0,6.26,22.536
2025-03-08,Caatinga,Petrolina,-9.3891,-40.5027,29.39,36.72,22.26,48.79,0.0,6.14,22.104
2025-03-09,Caatinga,Petrolina,-9.3891,-40.5027,29.26,37.25,21.83,43.18,0.0,5.91,21.276
2025-03-10,Caatinga,Petrolina,-9.3891,-40.5027,29.37,36.02,23.19,48.19,0.26,4.37,15.732000000000001
2025-03-11,Caatinga,Petrolina,-9.3891,-40.5027,30.18,37.39,23.87,46.59,0.05,5.61,20.196
2025-03-12,Caatinga,Petrolina,-9.3891,-40.5027,29.2,37.05,21.69,47.49,0.01,5.83,20.988
2025-03-13,Caatinga,Petrolina,-9.3891,-40.5027,29.28,37.09,22.04,46.88,0.0,6.03,21.708000000000002
2025-03-14,Caatinga,Petrolina,-9.3891,-40.5027,29.76,37.87,22.43,44.79,0.0,4.16,14.976
2025-03-15,Caatinga,Petrolina,-9.3891,-40.5027,30.6,38.06,23.79,44.66,0.0,3.94,14.184
2025-03-16,Caatinga,Petrolina,-9.3891,-40.5027,31.31,38.34,24.49,42.01,0.0,4.55,16.38
2025-03-17,Caatinga,Petrolina,-9.3891,-40.5027,30.6,37.7,23.95,43.56,0.03,4.78,17.208000000000002
2025-03-18,Caatinga,Petrolina,-9.3891,-40.5027,30.29,37.27,23.36,44.82,0.01,4.49,16.164
2025-03-19,Caatinga,Petrolina,-9.3891,-40.5027,31.62,38.01,25.09,37.87,0.05,2.94,10.584
2025-03-20,Caatinga,Petrolina,-9.3891,-40.5027,31.37,37.2,25.29,44.11,0.12,2.91,10.476
2025-03-21,Caatinga,Petrolina,-9.3891,-40.5027,31.19,37.96,24.68,43.33,0.16,3.96,14.256
2025-03-22,Caatinga,Petrolina,-9.3891,-40.5027,30.81,37.65,24.02,44.87,0.23,4.75,17.1
2025-03-23,Caatinga,Petrolina,-9.3891,-40.5027,30.05,36.97,23.43,51.27,1.02,4.43,15.947999999999999
2025-03-24,Caatinga,Petrolina,-9.3891,-40.5027,30.82,37.44,24.53,45.3,0.13,5.1,18.36
2025-03-25,Caatinga,Petrolina,-9.3891,-40.5027,30.21,37.29,23.4,46.11,0.15,3.98,14.328
2025-03-26,Caatinga,Petrolina,-9.3891,-40.5027,30.91,38.1,22.93,39.27,0.0,3.97,14.292000000000002
2025-03-27,Caatinga,Petrolina,-9.3891,-40.5027,30.95,37.97,23.34,40.55,0.04,4.09,14.724
2025-03-28,Caatinga,Petrolina,-9.3891,-40.5027,30.78,37.77,23.66,41.35,0.02,4.44,15.984000000000002
2025-03-29,Caatinga,Petrolina,-9.3891,-40.5027,29.99,37.21,22.63,41.25,0.0,4.32,15.552000000000001
2025-03-30,Caatinga,Petrolina,-9.3891,-40.5027,30.35,37.45,23.58,43.53,0.03,4.86,17.496000000000002
2025-03-31,Caatinga,Petrolina,-9.3891,-40.5027,30.54,37.26,24.11,44.58,0.01,5.59,20.124
2025-04-01,Caatinga,Petrolina,-9.3891,-40.5027,30.65,37.71,24.22,46.26,0.04,7.01,25.236
2025-04-02,Caatinga,Petrolina,-9.3891,-40.5027,29.58,37.02,21.96,48.85,0.0,6.13,22.068
2025-04-03,Caatinga,Petrolina,-9.3891,-40.5027,29.72,37.42,21.83,46.64,0.0,5.33,19.188000000000002
2025-04-04,Caatinga,Petrolina,-9.3891,-40.5027,29.98,37.33,22.48,44.72,0.0,5.16,18.576
2025-04-05,Caatinga,Petrolina,-9.3891,-40.5027,30.87,37.82,23.9,44.52,0.0,5.03,18.108
2025-04-06,Caatinga,Petrolina,-9.3891,-40.5027,30.42,36.91,24.22,42.91,0.0,6.38,22.968
2025-04-07,Caatinga,Petrolina,-9.3891,-40.5027,29.4,36.72,22.85,44.61,0.0,6.12,22.032
2025-04-08,Caatinga,Petrolina,-9.3891,-40.5027,30.0,36.94,23.47,46.12,0.0,5.66,20.376
2025-04-09,Caatinga,Petrolina,-9.3891,-40.5027,30.53,37.79,23.27,46.12,0.0,4.87,17.532
2025-04-10,Caatinga,Petrolina,-9.3891,-40.5027,30.89,37.27,24.06,46.03,0.01,3.23,11.628
2025-04-11,Caatinga,Petrolina,-9.3891,-40.5027,31.35,36.93,25.45,44.65,0.55,2.62,9.432
2025-04-12,Caatinga,Petrolina,-9.3891,-40.5027,27.83,31.47,24.66,69.96,11.87,2.48,8.928
2025-04-13,Caatinga,Petrolina,-9.3891,-40.5027,28.01,34.2,23.53,67.99,0.08,3.78,13.607999999999999
2025-04-14,Caatinga,Petrolina,-9.3891,-40.5027,28.27,35.91,21.74,59.31,0.0,4.12,14.832
2025-04-15,Caatinga,Petrolina,-9.3891,-40.5027,28.7,36.45,21.81,56.4,0.0,3.9,14.04
2025-04-16,Caatinga,Petrolina,-9.3891,-40.5027,29.06,36.63,22.42,54.28,0.22,4.48,16.128000000000004
2025-04-17,Caatinga,Petrolina,-9.3891,-40.5027,28.81,36.67,21.81,52.27,0.07,4.65,16.740000000000002
2025-04-18,Caatinga,Petrolina,-9.3891,-40.5027,28.75,36.94,21.12,51.19,0.0,4.57,16.452
2025-04-19,Caatinga,Petrolina,-9.3891,-40.5027,29.02,36.51,22.29,51.38,0.0,4.42,15.912
2025-04-20,Caatinga,Petrolina,-9.3891,-40.5027,28.78,37.06,20.72,45.22,0.0,3.39,12.204
2025-04-21,Caatinga,Petrolina,-9.3891,-40.5027,29.66,37.66,22.34,45.33,0.01,3.81,13.716000000000001
2025-04-22,Caatinga,Petrolina,-9.3891,-40.5027,29.38,36.59,22.36,48.13,0.84,5.07,18.252000000000002
2025-04-23,Caatinga,Petrolina,-9.3891,-40.5027,29.35,36.85,22.26,49.13,0.06,5.27,18.971999999999998
2025-04-24,Caatinga,Petrolina,-9.3891,-40.5027,28.7,35.82,23.11,47.27,0.01,5.14,18.503999999999998
2025-04-25,Caatinga,Petrolina,-9.3891,-40.5027,28.71,36.08,21.5,48.4,0.04,4.18,15.048
2025-04-26,Caatinga,Petrolina,-9.3891,-40.5027,30.18,37.66,22.82,46.48,0.0,3.93,14.148000000000001
2025-04-27,Caatinga,Petrolina,-9.3891,-40.5027,30.62,37.57,23.46,42.76,0.01,4.05,14.58
2025-04-28,Caatinga,Petrolina,-9.3891,-40.5027,30.49,37.71,23.37,44.34,0.0,4.0,14.4
2025-04-29,Caatinga,Petrolina,-9.3891,-40.5027,30.02,37.13,22.43,40.95,0.36,2.7,9.72
2025-04-30,Caatinga,Petrolina,-9.3891,-40.5027,30.37,37.27,23.42,47.79,2.46,3.72,13.392000000000001
2025-05-01,Caatinga,Petrolina,-9.3891,-40.5027,29.42,36.31,22.91,49.26,1.57,5.13,18.468
2025-05-02,Caatinga,Petrolina,-9.3891,-40.5027,28.23,35.3,21.95,56.24,0.1,6.04,21.744
2025-05-03,Caatinga,Petrolina,-9.3891,-40.5027,27.96,34.63,23.23,62.43,0.07,7.01,25.236
2025-05-04,Caatinga,Petrolina,-9.3891,-40.5027,26.91,32.97,22.76,62.89,0.11,6.3,22.68
2025-05-05,Caatinga,Petrolina,-9.3891,-40.5027,27.77,34.86,22.39,61.06,0.07,5.95,21.42
2025-05-06,Caatinga,Petrolina,-9.3891,-40.5027,27.66,34.78,22.56,62.62,0.17,5.96,21.456
2025-05-07,Caatinga,Petrolina,-9.3891,-40.5027,27.71,34.77,22.23,60.98,0.37,6.16,22.176000000000002
2025-05-08,Caatinga,Petrolina,-9.3891,-40.5027,28.11,35.32,22.2,59.29,0.09,5.7,20.52
2025-05-09,Caatinga,Petrolina,-9.3891,-40.5027,27.78,34.81,22.18,56.54,0.01,6.24,22.464000000000002
2025-05-10,Caatinga,Petrolina,-9.3891,-40.5027,27.9,35.21,21.6,57.31,0.0,5.91,21.276
2025-05-11,Caatinga,Petrolina,-9.3891,-40.5027,27.46,34.67,20.68,58.78,0.03,5.7,20.52
2025-05-12,Caatinga,Petrolina,-9.3891,-40.5027,26.71,33.01,21.81,64.2,0.18,7.03,25.308
2025-05-13,Caatinga,Petrolina,-9.3891,-40.5027,26.1,33.65,21.03,66.86,0.19,7.41,26.676000000000002
2025-05-14,Caatinga,Petrolina,-9.3891,-40.5027,26.02,33.02,20.49,62.86,0.03,7.1,25.56
2025-05-15,Caatinga,Petrolina,-9.3891,-40.5027,26.17,33.71,19.76,61.43,0.02,6.59,23.724
2025-05-16,Caatinga,Petrolina,-9.3891,-40.5027,26.14,33.35,20.03,62.13,0.03,6.8,24.48
2025-05-17,Caatinga,Petrolina,-9.3891,-40.5027,26.19,33.21,21.28,68.24,0.36,7.18,25.848
2025-05-18,Caatinga,Petrolina,-9.3891,-40.5027,25.96,32.8,20.97,64.31,0.16,7.94,28.584000000000003
2025-05-19,Caatinga,Petrolina,-9.3891,-40.5027,25.84,32.74,20.31,61.99,0.23,7.65,27.540000000000003
2025-05-20,Caatinga,Petrolina,-9.3891,-40.5027,25.75,32.97,19.4,60.43,0.17,6.16,22.176000000000002
2025-05-21,Caatinga,Petrolina,-9.3891,-40.5027,25.57,30.95,21.55,66.79,0.25,6.66,23.976000000000003
2025-05-22,Caatinga,Petrolina,-9.3891,-40.5027,26.73,33.55,21.14,63.26,0.07,5.83,20.988
2025-05-23,Caatinga,Petrolina,-9.3891,-40.5027,27.08,34.59,21.03,55.83,0.0,5.39,19.404
2025-05-24,Caatinga,Petrolina,-9.3891,-40.5027,27.28,34.46,21.46,61.05,0.08,5.71,20.556
2025-05-25,Caatinga,Petrolina,-9.3891,-40.5027,26.45,32.96,21.48,64.2,0.06,6.95,25.02
2025-05-26,Caatinga,Petrolina,-9.3891,-40.5027,26.03,33.15,20.37,59.74,0.04,6.59,23.724
2025-05-27,Caatinga,Petrolina,-9.3891,-40.5027,25.43,32.11,19.42,60.5,0.0,6.35,22.86
2025-05-28,Caatinga,Petrolina,-9.3891,-40.5027,25.45,32.79,19.0,58.78,0.02,5.2,18.720000000000002
2025-05-29,Caatinga,Petrolina,-9.3891,-40.5027,26.54,34.06,20.13,59.53,0.0,4.34,15.624
2025-05-30,Caatinga,Petrolina,-9.3891,-40.5027,27.8,34.99,20.93,56.31,0.0,4.11,14.796000000000001
2025-05-31,Caatinga,Petrolina,-9.3891,-40.5027,27.48,34.37,22.59,58.17,0.01,6.09,21.924
2025-06-01,Caatinga,Petrolina,-9.3891,-40.5027,25.99,33.41,18.87,58.07,0.02,5.46,19.656
2025-06-02,Caatinga,Petrolina,-9.3891,-40.5027,26.78,33.07,22.27,64.73,2.12,6.08,21.888
2025-06-03,Caatinga,Petrolina,-9.3891,-40.5027,25.64,32.71,20.48,63.54,1.17,6.88,24.768
2025-06-04,Caatinga,Petrolina,-9.3891,-40.5027,25.34,31.99,20.0,65.99,0.37,5.94,21.384
2025-06-05,Caatinga,Petrolina,-9.3891,-40.5027,25.98,32.96,21.11,61.63,0.02,5.62,20.232
2025-06-06,Caatinga,Petrolina,-9.3891,-40.5027,25.97,33.34,19.37,58.95,0.03,5.48,19.728
2025-06-07,Caatinga,Petrolina,-9.3891,-40.5027,26.27,33.4,20.76,61.12,0.17,5.6,20.16
2025-06-08,Caatinga,Petrolina,-9.3891,-40.5027,26.15,33.51,19.21,57.5,0.0,5.38,19.368
2025-06-09,Caatinga,Petrolina,-9.3891,-40.5027,26.41,33.61,20.17,58.18,0.68,3.97,14.292000000000002
2025-06-10,Caatinga,Petrolina,-9.3891,-40.5027,24.32,30.81,18.6,67.22,61.35,3.87,13.932
2025-06-11,Caatinga,Petrolina,-9.3891,-40.5027,24.99,31.21,19.94,72.21,0.0,4.13,14.868
2025-06-12,Caatinga,Petrolina,-9.3891,-40.5027,25.27,31.61,20.55,68.9,0.0,5.09,18.324
2025-06-13,Caatinga,Petrolina,-9.3891,-40.5027,24.44,30.02,20.13,71.64,0.03,7.37,26.532
2025-06-14,Caatinga,Petrolina,-9.3891,-40.5027,23.82,29.81,19.77,69.78,0.01,8.79,31.644
2025-06-15,Caatinga,Petrolina,-9.3891,-40.5027,23.18,29.64,18.41,68.67,0.03,7.05,25.38
2025-06-16,Caatinga,Petrolina,-9.3891,-40.5027,24.06,30.87,18.96,71.44,0.16,6.64,23.904
2025-06-17,Caatinga,Petrolina,-9.3891,-40.5027,24.16,29.25,20.51,75.68,0.32,6.2,22.32
2025-06-18,Caatinga,Petrolina,-9.3891,-40.5027,23.47,29.26,19.27,70.75,1.19,7.14,25.704
2025-06-19,Caatinga,Petrolina,-9.3891,-40.5027,22.97,30.01,16.95,69.23,0.92,6.12,22.032
2025-06-20,Caatinga,Petrolina,-9.3891,-40.5027,24.24,30.65,19.36,71.77,0.03,6.01,21.636
2025-06-21,Caatinga,Petrolina,-9.3891,-40.5027,24.37,31.48,19.02,67.84,0.01,4.98,17.928
2025-06-22,Caatinga,Petrolina,-9.3891,-40.5027,24.32,31.64,19.03,64.68,0.01,5.04,18.144000000000002
2025-06-23,Caatinga,Petrolina,-9.3891,-40.5027,23.64,31.21,17.45,59.25,0.01,4.9,17.64
2025-06-24,Caatinga,Petrolina,-9.3891,-40.5027,24.99,32.43,18.92,66.01,0.0,3.86,13.895999999999999
2025-06-25,Caatinga,Petrolina,-9.3891,-40.5027,26.08,32.5,20.88,67.17,0.13,4.92,17.712
2025-06-26,Caatinga,Petrolina,-9.3891,-40.5027,25.36,31.44,20.91,70.29,0.57,7.02,25.272
2025-06-27,Caatinga,Petrolina,-9.3891,-40.5027,24.27,31.05,18.38,67.16,0.04,5.66,20.376
2025-06-28,Caatinga,Petrolina,-9.3891,-40.5027,24.6,31.04,19.39,69.07,0.19,6.67,24.012
2025-06-29,Caatinga,Petrolina,-9.3891,-40.5027,23.9,31.14,17.94,61.91,0.01,5.87,21.132
2025-06-30,Caatinga,Petrolina,-9.3891,-40.5027,23.47,29.12,18.05,67.21,0.72,5.47,19.692
2025-01-01,Mata Atlântica,São Paulo,-23.5505,-46.6333,23.18,28.86,18.14,77.39,3.97,2.11,7.596
2025-01-02,Mata Atlântica,São Paulo,-23.5505,-46.6333,23.61,29.02,18.73,78.04,4.21,3.57,12.852
2025-01-03,Mata Atlântica,São Paulo,-23.5505,-46.6333,24.11,29.49,19.34,76.77,2.11,4.22,15.192
2025-01-04,Mata Atlântica,São Paulo,-23.5505,-46.6333,23.28,26.62,20.41,81.02,1.97,4.38,15.768
2025-01-05,Mata Atlântica,São Paulo,-23.5505,-46.6333,22.67,29.62,16.89,75.18,2.44,2.78,10.008
2025-01-06,Mata Atlântica,São Paulo,-23.5505,-46.6333,23.07,30.26,17.81,73.13,0.14,3.43,12.348
2025-01-07,Mata Atlântica,São Paulo,-23.5505,-46.6333,22.53,28.43,18.91,77.98,2.32,3.09,11.124
2025-01-08,Mata Atlântica,São Paulo,-23.5505,-46.6333,22.79,28.95,19.12,79.17,2.31,3.8,13.68
2025-01-09,Mata Atlântica,São Paulo,-23.5505,-46.6333,21.42,27.88,17.99,79.5,2.09,4.85,17.46
2025-01-10,Mata Atlântica,São Paulo,-23.5505,-46.6333,21.19,28.05,16.61,74.86,0.25,4.26,15.336
2025-01-11,Mata Atlântica,São Paulo,-23.5505,-46.6333,21.47,30.13,14.42,70.59,0.08,3.53,12.708
2025-01-12,Mata Atlântica,São Paulo,-23.5505,-46.6333,20.75,27.15,16.7,75.75,0.25,5.15,18.540000000000003
2025-01-13,Mata Atlântica,São Paulo,-23.5505,-46.6333,20.56,27.76,15.71,73.06,0.03,4.69,16.884
2025-01-14,Mata Atlântica,São Paulo,-23.5505,-46.6333,20.73,29.36,14.74,71.72,0.04,4.51,16.236
2025-01-15,Mata Atlântica,São Paulo,-23.5505,-46.6333,22.18,30.93,17.09,75.14,0.48,4.27,15.371999999999998
2025-01-16,Mata Atlântica,São Paulo,-23.5505,-46.6333,23.59,30.86,19.4,79.99,14.55,3.75,13.5
2025-01-17,Mata Atlântica,São Paulo,-23.5505,-46.6333,23.7,27.69,20.19,82.49,3.99,3.32,11.952
2025-01-18,Mata Atlântica,São Paulo,-23.5505,-46.6333,24.26,28.49,20.7,81.09,2.96,3.5,12.6
2025-01-19,Mata Atlântica,São Paulo,-23.5505,-46.6333,25.6,30.93,20.76,75.61,2.83,2.96,10.656
2025-01-20,Mata Atlântica,São Paulo,-23.5505,-46.6333,24.95,29.79,21.08,76.51,0.73,4.95,17.82
2025-01-21,Mata Atlântica,São Paulo,-23.5505,-46.6333,25.97,32.47,20.71,68.72,0.8,4.99,17.964000000000002
2025-01-22,Mata Atlântica,São Paulo,-23.5505,-46.6333,26.29,32.55,21.51,70.01,5.31,2.09,7.524
2025-01-23,Mata Atlântica,São Paulo,-23.5505,-46.6333,24.63,30.36,19.87,76.21,2.6,2.04,7.344
2025-01-24,Mata Atlântica,São Paulo,-23.5505,-46.6333,25.34,33.38,19.9,72.41,2.36,1.68,6.048
2025-01-25,Mata Atlântica,São Paulo,-23.5505,-46.6333,25.74,32.71,19.85,72.95,4.29,2.88,10.368
2025-01-26,Mata Atlântica,São Paulo,-23.5505,-46.6333,24.08,28.85,20.75,80.95,11.53,3.16,11.376000000000001
2025-01-27,Mata Atlântica,São Paulo,-23.5505,-46.6333,22.8,29.0,18.89,83.53,7.8,2.11,7.596
2025-01-28,Mata Atlântica,São Paulo,-23.5505,-46.6333,22.96,28.78,19.22,82.82,3.95,2.16,7.776000000000001
2025-01-29,Mata Atlântica,São Paulo,-23.5505,-46.6333,22.92,27.95,20.06,85.46,8.69,2.61,9.395999999999999
2025-01-30,Mata Atlântica,São Paulo,-23.5505,-46.6333,22.97,28.23,19.85,86.42,22.2,2.75,9.9
2025-01-31,Mata Atlântica,São Paulo,-23.5505,-46.6333,23.0,26.87,19.74,88.38,21.68,2.81,10.116
2025-02-01,Mata Atlântica,São Paulo,-23.5505,-46.6333,22.01,24.32,20.07,88.88,8.03,3.28,11.808
2025-02-02,Mata Atlântica,São Paulo,-23.5505,-46.6333,22.67,27.49,19.42,85.75,10.03,2.85,10.26
2025-02-03,Mata Atlântica,São Paulo,-23.5505,-46.6333,22.35,25.08,19.82,88.7,14.53,4.02,14.472
2025-02-04,Mata Atlântica,São Paulo,-23.5505,-46.6333,22.86,26.76,19.6,84.93,3.57,3.98,14.328
2025-02-05,Mata Atlântica,São Paulo,-23.5505,-46.6333,22.78,26.78,19.92,87.16,3.1,2.28,8.208
2025-02-06,Mata Atlântica,São Paulo,-23.5505,-46.6333,23.68,28.6,19.11,80.19,2.86,2.57,9.251999999999999
2025-02-07,Mata Atlântica,São Paulo,-23.5505,-46.6333,24.56,30.06,20.04,73.95,2.16,1.8,6.48
2025-02-08,Mata Atlântica,São Paulo,-23.5505,-46.6333,23.37,28.4,20.01,82.64,1.49,4.11,14.796000000000001
2025-02-09,Mata Atlântica,São Paulo,-23.5505,-46.6333,23.38,29.84,17.5,76.56,0.16,3.12,11.232000000000001
2025-02-10,Mata Atlântica,São Paulo,-23.5505,-46.6333,23.56,29.54,18.96,79.68,1.13,2.07,7.452
2025-02-11,Mata Atlântica,São Paulo,-23.5505,-46.6333,24.74,30.64,19.33,73.5,2.41,1.75,6.3
2025-02-12,Mata Atlântica,São Paulo,-23.5505,-46.6333,24.8,31.09,19.06,69.84,1.06,2.73,9.828
2025-02-13,Mata Atlântica,São Paulo,-23.5505,-46.6333,23.54,26.79,20.91,81.58,4.14,2.21,7.956
2025-02-14,Mata Atlântica,São Paulo,-23.5505,-46.6333,22.62,26.42,19.03,83.26,5.15,1.43,5.148
2025-02-15,Mata Atlântica,São Paulo,-23.5505,-46.6333,24.28,30.56,19.02,78.69,0.96,1.62,5.832000000000001
2025-02-16,Mata Atlântica,São Paulo,-23.5505,-46.6333,25.62,31.24,20.18,74.49,0.03,3.02,10.872
2025-02-17,Mata Atlântica,São Paulo,-23.5505,-46.6333,25.89,33.29,18.53,60.25,0.0,3.75,13.5
2025-02-18,Mata Atlântica,São Paulo,-23.5505,-46.6333,25.27,31.69,19.99,69.18,6.56,2.99,10.764000000000001
2025-02-19,Mata Atlântica,São Paulo,-23.5505,-46.6333,25.12,31.13,20.4,77.6,5.82,2.84,10.224
2025-02-20,Mata Atlântica,São Paulo,-23.5505,-46.6333,25.74,31.19,20.53,70.97,1.16,2.18,7.848000000000001
2025-02-21,Mata Atlântica,São Paulo,-23.5505,-46.6333,24.3,30.0,20.27,81.23,3.64,2.99,10.764000000000001
2025-02-22,Mata Atlântica,São Paulo,-23.5505,-46.6333,23.77,29.61,20.0,80.33,1.51,4.03,14.508000000000001
2025-02-23,Mata Atlântica,São Paulo,-23.5505,-46.6333,24.08,30.54,19.4,75.71,0.83,3.25,11.700000000000001
2025-02-24,Mata Atlântica,São Paulo,-23.5505,-46.6333,24.78,31.72,19.43,71.56,0.59,3.46,12.456
2025-02-25,Mata Atlântica,São Paulo,-23.5505,-46.6333,25.1,32.56,18.69,69.17,0.0,2.93,10.548
2025-02-26,Mata Atlântica,São Paulo,-23.5505,-46.6333,25.5,33.74,18.73,68.02,0.01,2.56,9.216000000000001
2025-02-27,Mata Atlântica,São Paulo,-23.5505,-46.6333,25.17,33.81,17.85,68.72,1.76,2.48,8.928
2025-02-28,Mata Atlântica,São Paulo,-23.5505,-46.6333,25.06,33.16,19.58,70.04,0.26,2.93,10.548
2025-03-01,Mata Atlântica,São Paulo,-23.5505,-46.6333,25.48,34.16,18.37,67.08,0.0,3.32,11.952
2025-03-02,Mata Atlântica,São Paulo,-23.5505,-46.6333,25.73,34.41,18.87,65.79,0.05,2.92,10.512
2025-03-03,Mata Atlântica,São Paulo,-23.5505,-46.6333,24.58,34.16,17.03,66.63,0.0,3.55,12.78
2025-03-04,Mata Atlântica,São Paulo,-23.5505,-46.6333,24.8,32.83,19.39,67.69,0.1,4.08,14.688
2025-03-05,Mata Atlântica,São Paulo,-23.5505,-46.6333,24.76,32.66,19.23,68.15,0.05,3.61,12.996
2025-03-06,Mata Atlântica,São Paulo,-23.5505,-46.6333,23.91,32.68,17.53,67.82,0.0,4.89,17.604
2025-03-07,Mata Atlântica,São Paulo,-23.5505,-46.6333,24.21,33.03,18.87,69.62,0.03,5.44,19.584000000000003
2025-03-08,Mata Atlântica,São Paulo,-23.5505,-46.6333,24.44,33.1,18.25,68.8,0.02,3.4,12.24
2025-03-09,Mata Atlântica,São Paulo,-23.5505,-46.6333,25.58,34.82,18.34,63.26,0.09,2.86,10.296
2025-03-10,Mata Atlântica,São Paulo,-23.5505,-46.6333,23.67,31.65,18.74,68.83,0.6,2.66,9.576
2025-03-11,Mata Atlântica,São Paulo,-23.5505,-46.6333,23.62,29.42,19.24,74.16,2.36,2.25,8.1
2025-03-12,Mata Atlântica,São Paulo,-23.5505,-46.6333,24.19,31.2,19.24,74.99,2.84,3.27,11.772
2025-03-13,Mata Atlântica,São Paulo,-23.5505,-46.6333,24.58,31.38,19.72,73.95,1.8,2.63,9.468
2025-03-14,Mata Atlântica,São Paulo,-23.5505,-46.6333,23.98,30.27,19.81,76.78,1.19,2.59,9.324
2025-03-15,Mata Atlântica,São Paulo,-23.5505,-46.6333,23.67,31.49,19.48,77.37,0.36,3.43,12.348
2025-03-16,Mata Atlântica,São Paulo,-23.5505,-46.6333,22.37,29.65,18.77,79.38,5.14,4.88,17.568
2025-03-17,Mata Atlântica,São Paulo,-23.5505,-46.6333,23.08,31.22,18.36,77.8,3.98,3.41,12.276000000000002
2025-03-18,Mata Atlântica,São Paulo,-23.5505,-46.6333,23.29,30.48,18.6,78.75,8.38,2.81,10.116
2025-03-19,Mata Atlântica,São Paulo,-23.5505,-46.6333,21.77,27.55,18.72,84.76,14.8,3.44,12.384
2025-03-20,Mata Atlântica,São Paulo,-23.5505,-46.6333,20.58,26.69,16.62,79.36,1.67,4.53,16.308
2025-03-21,Mata Atlântica,São Paulo,-23.5505,-46.6333,20.72,28.65,15.75,77.67,0.15,3.77,13.572000000000001
2025-03-22,Mata Atlântica,São Paulo,-23.5505,-46.6333,22.62,30.73,16.86,74.8,0.49,2.98,10.728
2025-03-23,Mata Atlântica,São Paulo,-23.5505,-46.6333,22.19,27.21,18.27,82.39,2.06,2.78,10.008
2025-03-24,Mata Atlântica,São Paulo,-23.5505,-46.6333,22.94,29.25,18.57,77.72,2.3,1.98,7.128
2025-03-25,Mata Atlântica,São Paulo,-23.5505,-46.6333,23.64,31.63,18.6,76.65,2.39,2.17,7.812
2025-03-26,Mata Atlântica,São Paulo,-23.5505,-46.6333,21.59,26.35,18.7,83.39,3.0,3.46,12.456
2025-03-27,Mata Atlântica,São Paulo,-23.5505,-46.6333,22.25,28.76,17.88,80.31,0.73,3.67,13.212
2025-03-28,Mata Atlântica,São Paulo,-23.5505,-46.6333,23.43,30.73,17.9,74.73,2.52,3.05,10.98
2025-03-29,Mata Atlântica,São Paulo,-23.5505,-46.6333,23.86,31.48,18.91,75.36,0.68,2.38,8.568
2025-03-30,Mata Atlântica,São Paulo,-23.5505,-46.6333,23.57,30.49,19.46,75.66,0.23,2.98,10.728
2025-03-31,Mata Atlântica,São Paulo,-23.5505,-46.6333,23.98,30.99,19.33,77.08,6.95,2.22,7.992000000000001
2025-04-01,Mata Atlântica,São Paulo,-23.5505,-46.6333,23.62,30.86,18.28,76.11,0.68,2.29,8.244
2025-04-02,Mata Atlântica,São Paulo,-23.5505,-46.6333,25.08,31.57,19.99,73.97,0.57,2.81,10.116
2025-04-03,Mata Atlântica,São Paulo,-23.5505,-46.6333,25.37,31.9,20.47,68.05,1.75,2.93,10.548
2025-04-04,Mata Atlântica,São Paulo,-23.5505,-46.6333,22.68,29.49,19.06,83.03,10.97,3.25,11.700000000000001
2025-04-05,Mata Atlântica,São Paulo,-23.5505,-46.6333,18.03,22.05,15.85,83.22,2.24,7.88,28.368
2025-04-06,Mata Atlântica,São Paulo,-23.5505,-46.6333,17.9,22.32,15.26,79.43,0.03,6.21,22.356
2025-04-07,Mata Atlântica,São Paulo,-23.5505,-46.6333,19.02,25.33,15.15,76.73,0.0,5.19,18.684
2025-04-08,Mata Atlântica,São Paulo,-23.5505,-46.6333,20.43,28.75,14.27,74.98,0.03,2.69,9.684
2025-04-09,Mata Atlântica,São Paulo,-23.5505,-46.6333,22.57,30.1,17.1,73.53,3.21,3.26,11.735999999999999
2025-04-10,Mata Atlântica,São Paulo,-23.5505,-46.6333,21.79,28.04,17.59,82.56,8.63,2.71,9.756
2025-04-11,Mata Atlântica,São Paulo,-23.5505,-46.6333,20.95,27.36,16.82,80.51,0.86,2.8,10.08
2025-04-12,Mata Atlântica,São Paulo,-23.5505,-46.6333,20.95,27.82,16.43,78.67,0.08,3.24,11.664000000000001
2025-04-13,Mata Atlântica,São Paulo,-23.5505,-46.6333,21.88,29.17,17.35,76.13,4.04,2.84,10.224
2025-04-14,Mata Atlântica,São Paulo,-23.5505,-46.6333,20.76,25.82,17.64,83.98,6.86,3.07,11.052
2025-04-15,Mata Atlântica,São Paulo,-23.5505,-46.6333,20.32,26.96,16.36,81.3,1.01,3.48,12.528
2025-04-16,Mata Atlântica,São Paulo,-23.5505,-46.6333,20.28,25.47,17.77,84.23,0.24,2.39,8.604000000000001
2025-04-17,Mata Atlântica,São Paulo,-23.5505,-46.6333,21.57,28.34,17.03,79.45,0.27,2.48,8.928
2025-04-18,Mata Atlântica,São Paulo,-23.5505,-46.6333,22.48,28.94,18.1,78.25,2.4,2.18,7.848000000000001
2025-04-19,Mata Atlântica,São Paulo,-23.5505,-46.6333,21.58,26.0,18.44,80.92,2.72,2.57,9.251999999999999
2025-04-20,Mata Atlântica,São Paulo,-23.5505,-46.6333,20.51,25.69,17.6,85.89,7.84,4.08,14.688
2025-04-21,Mata Atlântica,São Paulo,-23.5505,-46.6333,18.96,24.74,15.97,83.38,0.75,4.2,15.120000000000001
2025-04-22,Mata Atlântica,São Paulo,-23.5505,-46.6333,17.9,24.54,14.01,80.94,0.37,4.04,14.544
2025-04-23,Mata Atlântica,São Paulo,-23.5505,-46.6333,19.68,27.35,15.23,79.08,0.14,2.88,10.368
2025-04-24,Mata Atlântica,São Paulo,-23.5505,-46.6333,19.68,24.21,16.56,84.79,0.76,2.24,8.064000000000002
2025-04-25,Mata Atlântica,São Paulo,-23.5505,-46.6333,18.82,21.32,16.97,92.35,8.97,2.49,8.964
2025-04-26,Mata Atlântica,São Paulo,-23.5505,-46.6333,20.45,27.4,15.88,82.88,0.37,2.28,8.208
2025-04-27,Mata Atlântica,São Paulo,-23.5505,-46.6333,21.24,27.95,16.67,80.97,0.11,1.53,5.508
2025-04-28,Mata Atlântica,São Paulo,-23.5505,-46.6333,20.53,25.32,17.72,84.88,0.77,2.92,10.512
2025-04-29,Mata Atlântica,São Paulo,-23.5505,-46.6333,18.35,24.3,15.02,80.97,0.22,3.46,12.456
2025-04-30,Mata Atlântica,São Paulo,-23.5505,-46.6333,17.59,24.48,13.58,76.42,0.02,3.87,13.932
2025-05-01,Mata Atlântica,São Paulo,-23.5505,-46.6333,17.64,25.46,13.12,78.99,0.0,3.77,13.572000000000001
2025-05-02,Mata Atlântica,São Paulo,-23.5505,-46.6333,18.94,27.03,13.77,75.9,0.0,3.24,11.664000000000001
2025-05-03,Mata Atlântica,São Paulo,-23.5505,-46.6333,19.37,27.55,13.56,73.76,0.0,2.55,9.18
2025-05-04,Mata Atlântica,São Paulo,-23.5505,-46.6333,19.38,26.68,14.79,76.53,0.0,3.5,12.6
2025-05-05,Mata Atlântica,São Paulo,-23.5505,-46.6333,19.93,26.64,15.46,75.07,0.01,2.56,9.216000000000001
2025-05-06,Mata Atlântica,São Paulo,-23.5505,-46.6333,19.9,27.22,14.86,74.27,0.02,2.19,7.884
2025-05-07,Mata Atlântica,São Paulo,-23.5505,-46.6333,20.34,28.5,14.72,73.81,0.02,2.16,7.776000000000001
2025-05-08,Mata Atlântica,São Paulo,-23.5505,-46.6333,21.65,29.94,14.78,69.82,0.0,2.61,9.395999999999999
2025-05-09,Mata Atlântica,São Paulo,-23.5505,-46.6333,22.54,30.68,16.37,61.52,0.01,4.24,15.264000000000001
2025-05-10,Mata Atlântica,São Paulo,-23.5505,-46.6333,21.36,28.27,17.22,68.75,4.87,4.35,15.659999999999998
2025-05-11,Mata Atlântica,São Paulo,-23.5505,-46.6333,17.04,20.79,14.91,84.47,3.64,5.41,19.476000000000003
2025-05-12,Mata Atlântica,São Paulo,-23.5505,-46.6333,17.5,22.94,14.54,83.14,0.33,4.81,17.316
2025-05-13,Mata Atlântica,São Paulo,-23.5505,-46.6333,18.65,25.34,14.9,80.83,0.13,4.12,14.832
2025-05-14,Mata Atlântica,São Paulo,-23.5505,-46.6333,18.11,24.3,14.8,77.98,0.1,4.8,17.28
2025-05-15,Mata Atlântica,São Paulo,-23.5505,-46.6333,17.97,26.0,12.61,75.54,0.03,3.5,12.6
2025-05-16,Mata Atlântica,São Paulo,-23.5505,-46.6333,18.75,26.8,13.02,75.04,0.03,2.05,7.38
2025-05-17,Mata Atlântica,São Paulo,-23.5505,-46.6333,19.42,27.99,12.81,72.96,0.03,2.01,7.236
2025-05-18,Mata Atlântica,São Paulo,-23.5505,-46.6333,20.37,28.32,13.77,67.95,0.01,2.51,9.036
2025-05-19,Mata Atlântica,São Paulo,-23.5505,-46.6333,20.61,29.0,13.86,63.35,0.0,2.56,9.216000000000001
2025-05-20,Mata Atlântica,São Paulo,-23.5505,-46.6333,20.27,28.55,13.43,63.44,0.07,2.57,9.251999999999999
2025-05-21,Mata Atlântica,São Paulo,-23.5505,-46.6333,20.77,27.81,15.5,66.03,0.52,1.73,6.228
2025-05-22,Mata Atlântica,São Paulo,-23.5505,-46.6333,19.58,25.83,16.05,83.61,1.71,2.06,7.416
2025-05-23,Mata Atlântica,São Paulo,-23.5505,-46.6333,18.3,23.78,15.64,85.15,1.65,3.93,14.148000000000001
2025-05-24,Mata Atlântica,São Paulo,-23.5505,-46.6333,18.37,25.38,14.65,80.4,0.29,3.71,13.356
2025-05-25,Mata Atlântica,São Paulo,-23.5505,-46.6333,18.88,27.45,13.2,74.18,0.01,2.87,10.332
2025-05-26,Mata Atlântica,São Paulo,-23.5505,-46.6333,19.67,27.64,12.94,68.93,0.01,2.29,8.244
2025-05-27,Mata Atlântica,São Paulo,-23.5505,-46.6333,20.02,27.3,14.42,65.53,0.03,4.11,14.796000000000001
2025-05-28,Mata Atlântica,São Paulo,-23.5505,-46.6333,20.45,27.2,15.93,61.18,0.02,7.08,25.488
2025-05-29,Mata Atlântica,São Paulo,-23.5505,-46.6333,15.47,20.51,10.27,63.95,1.15,5.88,21.168
2025-05-30,Mata Atlântica,São Paulo,-23.5505,-46.6333,13.6,22.64,7.84,60.1,0.0,1.49,5.364
2025-05-31,Mata Atlântica,São Paulo,-23.5505,-46.6333,15.97,25.04,10.39,71.14,0.01,2.62,9.432
2025-06-01,Mata Atlântica,São Paulo,-23.5505,-46.6333,17.76,26.46,12.1,60.84,0.04,2.31,8.316
2025-06-02,Mata Atlântica,São Paulo,-23.5505,-46.6333,18.47,26.59,14.07,76.89,1.01,3.32,11.952
2025-06-03,Mata Atlântica,São Paulo,-23.5505,-46.6333,17.2,22.44,12.03,83.53,3.54,2.84,10.224
2025-06-04,Mata Atlântica,São Paulo,-23.5505,-46.6333,19.12,27.36,12.73,73.11,0.19,3.64,13.104000000000001
2025-06-05,Mata Atlântica,São Paulo,-23.5505,-46.6333,20.19,27.64,15.01,69.0,3.63,4.39,15.803999999999998
2025-06-06,Mata Atlântica,São Paulo,-23.5505,-46.6333,17.74,22.65,14.3,85.4,4.65,2.94,10.584
2025-06-07,Mata Atlântica,São Paulo,-23.5505,-46.6333,18.33,24.51,14.5,82.24,0.64,2.55,9.18
2025-06-08,Mata Atlântica,São Paulo,-23.5505,-46.6333,18.37,25.22,13.25,78.94,1.86,3.13,11.268
2025-06-09,Mata Atlântica,São Paulo,-23.5505,-46.6333,16.18,19.02,13.72,90.46,4.92,2.04,7.344
2025-06-10,Mata Atlântica,São Paulo,-23.5505,-46.6333,15.12,20.41,12.4,84.38,2.49,2.95,10.620000000000001
2025-06-11,Mata Atlântica,São Paulo,-23.5505,-46.6333,13.31,18.37,10.55,83.08,0.99,3.75,13.5
2025-06-12,Mata Atlântica,São Paulo,-23.5505,-46.6333,12.06,16.75,8.83,76.54,0.01,5.0,18.0
2025-06-13,Mata Atlântica,São Paulo,-23.5505,-46.6333,13.43,21.84,8.61,75.59,0.0,4.18,15.048
2025-06-14,Mata Atlântica,São Paulo,-23.5505,-46.6333,14.23,22.65,7.09,71.71,0.0,2.86,10.296
2025-06-15,Mata Atlântica,São Paulo,-23.5505,-46.6333,15.76,23.97,10.69,68.95,0.07,5.21,18.756
2025-06-16,Mata Atlântica,São Paulo,-23.5505,-46.6333,17.31,26.0,11.09,77.63,0.02,2.23,8.028
2025-06-17,Mata Atlântica,São Paulo,-23.5505,-46.6333,17.85,26.66,10.73,67.35,0.01,2.38,8.568
2025-06-18,Mata Atlântica,São Paulo,-23.5505,-46.6333,16.88,24.92,10.53,67.97,0.03,3.51,12.636
2025-06-19,Mata Atlântica,São Paulo,-23.5505,-46.6333,18.14,25.53,11.56,67.05,2.89,2.51,9.036
2025-06-20,Mata Atlântica,São Paulo,-23.5505,-46.6333,17.91,26.03,11.12,66.67,0.02,3.72,13.392000000000001
2025-06-21,Mata Atlântica,São Paulo,-23.5505,-46.6333,17.71,22.96,13.83,74.56,0.71,3.27,11.772
2025-06-22,Mata Atlântica,São Paulo,-23.5505,-46.6333,18.26,24.09,15.13,79.98,2.16,2.58,9.288
2025-06-23,Mata Atlântica,São Paulo,-23.5505,-46.6333,18.96,25.47,15.09,66.25,1.57,7.48,26.928
2025-06-24,Mata Atlântica,São Paulo,-23.5505,-46.6333,14.12,17.02,8.11,68.33,5.54,3.91,14.076
2025-06-25,Mata Atlântica,São Paulo,-23.5505,-46.6333,10.95,21.85,2.43,55.06,0.0,2.5,9.0
2025-06-26,Mata Atlântica,São Paulo,-23.5505,-46.6333,16.52,26.91,8.48,66.1,0.04,4.73,17.028000000000002
2025-06-27,Mata Atlântica,São Paulo,-23.5505,-46.6333,18.37,24.7,14.23,80.02,1.53,3.69,13.284
2025-06-28,Mata Atlântica,São Paulo,-23.5505,-46.6333,19.4,28.07,14.31,76.54,0.13,3.31,11.916
2025-06-29,Mata Atlântica,São Paulo,-23.5505,-46.6333,20.09,27.17,15.26,66.28,0.0,6.03,21.708000000000002
2025-06-30,Mata Atlântica,São Paulo,-23.5505,-46.6333,18.75,25.16,14.2,77.91,0.37,2.67,9.612
2025-01-01,Pampa,Porto Alegre,-30.0346,-51.2177,25.31,30.81,21.07,84.37,15.75,2.89,10.404
2025-01-02,Pampa,Porto Alegre,-30.0346,-51.2177,26.58,31.74,21.98,79.96,10.91,2.83,10.188
2025-01-03,Pampa,Porto Alegre,-30.0346,-51.2177,24.92,29.39,20.86,74.91,0.56,3.43,12.348
2025-01-04,Pampa,Porto Alegre,-30.0346,-51.2177,22.53,27.79,17.26,71.91,0.0,3.59,12.924
2025-01-05,Pampa,Porto Alegre,-30.0346,-51.2177,22.37,27.36,18.26,76.22,0.0,2.7,9.72
2025-01-06,Pampa,Porto Alegre,-30.0346,-51.2177,21.48,26.31,17.54,74.67,0.09,2.61,9.395999999999999
2025-01-07,Pampa,Porto Alegre,-30.0346,-51.2177,21.44,26.45,16.92,74.43,0.39,2.45,8.82
2025-01-08,Pampa,Porto Alegre,-30.0346,-51.2177,21.63,26.54,17.2,80.2,0.13,5.05,18.18
2025-01-09,Pampa,Porto Alegre,-30.0346,-51.2177,22.25,27.42,18.08,79.54,0.01,5.24,18.864
2025-01-10,Pampa,Porto Alegre,-30.0346,-51.2177,22.86,27.87,18.93,77.76,0.05,5.22,18.791999999999998
2025-01-11,Pampa,Porto Alegre,-30.0346,-51.2177,22.82,26.96,19.73,75.57,0.25,5.85,21.06
2025-01-12,Pampa,Porto Alegre,-30.0346,-51.2177,21.79,26.54,17.18,76.69,0.12,4.41,15.876000000000001
2025-01-13,Pampa,Porto Alegre,-30.0346,-51.2177,21.54,27.1,16.49,78.74,0.02,4.23,15.228000000000002
2025-01-14,Pampa,Porto Alegre,-30.0346,-51.2177,22.95,28.54,18.08,77.8,0.0,4.06,14.616
2025-01-15,Pampa,Porto Alegre,-30.0346,-51.2177,24.16,29.53,20.15,77.59,0.26,3.5,12.6
2025-01-16,Pampa,Porto Alegre,-30.0346,-51.2177,25.82,31.91,20.2,79.67,4.23,3.39,12.204
2025-01-17,Pampa,Porto Alegre,-30.0346,-51.2177,27.3,33.18,22.82,80.13,4.44,3.47,12.492
2025-01-18,Pampa,Porto Alegre,-30.0346,-51.2177,27.32,32.28,23.68,81.12,1.9,2.17,7.812
2025-01-19,Pampa,Porto Alegre,-30.0346,-51.2177,27.01,32.16,22.34,81.19,2.41,2.53,9.107999999999999
2025-01-20,Pampa,Porto Alegre,-30.0346,-51.2177,27.2,31.89,23.55,77.78,2.65,3.1,11.16
2025-01-21,Pampa,Porto Alegre,-30.0346,-51.2177,25.41,31.1,20.2,73.51,0.4,4.48,16.128000000000004
2025-01-22,Pampa,Porto Alegre,-30.0346,-51.2177,26.41,32.08,22.08,74.17,0.06,2.09,7.524
2025-01-23,Pampa,Porto Alegre,-30.0346,-51.2177,26.98,33.56,21.2,76.49,0.0,3.14,11.304
2025-01-24,Pampa,Porto Alegre,-30.0346,-51.2177,27.11,32.3,23.41,81.25,0.91,2.54,9.144
2025-01-25,Pampa,Porto Alegre,-30.0346,-51.2177,27.07,31.42,23.94,81.55,9.17,3.53,12.708
2025-01-26,Pampa,Porto Alegre,-30.0346,-51.2177,24.88,29.21,21.58,77.59,1.05,4.07,14.652000000000001
2025-01-27,Pampa,Porto Alegre,-30.0346,-51.2177,22.62,26.29,19.1,84.13,1.87,4.0,14.4
2025-01-28,Pampa,Porto Alegre,-30.0346,-51.2177,25.96,31.68,21.82,83.43,7.47,2.44,8.784
2025-01-29,Pampa,Porto Alegre,-30.0346,-51.2177,24.82,28.51,22.11,83.93,4.98,4.87,17.532
2025-01-30,Pampa,Porto Alegre,-30.0346,-51.2177,24.1,28.35,21.1,80.42,1.84,4.59,16.524
2025-01-31,Pampa,Porto Alegre,-30.0346,-51.2177,24.0,29.01,20.06,78.58,0.67,2.54,9.144
2025-02-01,Pampa,Porto Alegre,-30.0346,-51.2177,24.57,30.12,20.13,73.76,0.01,2.34,8.424
2025-02-02,Pampa,Porto Alegre,-30.0346,-51.2177,25.84,31.77,20.71,79.29,0.01,2.85,10.26
2025-02-03,Pampa,Porto Alegre,-30.0346,-51.2177,27.42,33.55,22.3,77.48,0.27,3.54,12.744
2025-02-04,Pampa,Porto Alegre,-30.0346,-51.2177,28.37,35.48,22.4,75.28,0.08,3.33,11.988000000000001
2025-02-05,Pampa,Porto Alegre,-30.0346,-51.2177,28.19,34.36,22.44,78.96,0.98,3.28,11.808
2025-02-06,Pampa,Porto Alegre,-30.0346,-51.2177,29.3,35.25,24.97,72.07,3.18,5.02,18.072
2025-02-07,Pampa,Porto Alegre,-30.0346,-51.2177,25.82,31.25,21.9,73.02,0.67,3.61,12.996
2025-02-08,Pampa,Porto Alegre,-30.0346,-51.2177,25.28,32.84,18.71,72.26,0.12,3.81,13.716000000000001
2025-02-09,Pampa,Porto Alegre,-30.0346,-51.2177,27.44,36.23,20.5,67.36,0.01,2.81,10.116
2025-02-10,Pampa,Porto Alegre,-30.0346,-51.2177,27.22,35.68,19.89,67.64,0.0,2.64,9.504000000000001
2025-02-11,Pampa,Porto Alegre,-30.0346,-51.2177,30.74,38.83,23.16,63.42,2.0,3.03,10.908
2025-02-12,Pampa,Porto Alegre,-30.0346,-51.2177,28.02,33.69,24.22,77.96,10.52,2.51,9.036
2025-02-13,Pampa,Porto Alegre,-30.0346,-51.2177,25.63,30.22,23.14,82.65,4.81,3.97,14.292000000000002
2025-02-14,Pampa,Porto Alegre,-30.0346,-51.2177,24.78,30.79,19.89,71.54,0.04,4.34,15.624
2025-02-15,Pampa,Porto Alegre,-30.0346,-51.2177,25.52,32.7,20.62,78.11,22.44,3.02,10.872
2025-02-16,Pampa,Porto Alegre,-30.0346,-51.2177,27.62,33.06,23.59,86.5,33.55,2.56,9.216000000000001
2025-02-17,Pampa,Porto Alegre,-30.0346,-51.2177,26.56,28.86,23.64,91.08,12.72,2.85,10.26
2025-02-18,Pampa,Porto Alegre,-30.0346,-51.2177,23.3,26.48,20.3,79.77,0.34,3.76,13.536
2025-02-19,Pampa,Porto Alegre,-30.0346,-51.2177,23.16,28.27,19.26,79.47,0.03,2.96,10.656
2025-02-20,Pampa,Porto Alegre,-30.0346,-51.2177,24.53,29.91,19.88,82.08,0.01,2.56,9.216000000000001
2025-02-21,Pampa,Porto Alegre,-30.0346,-51.2177,25.2,31.29,19.76,80.8,0.01,2.28,8.208
2025-02-22,Pampa,Porto Alegre,-30.0346,-51.2177,25.0,30.66,19.82,81.3,0.0,3.19,11.484
2025-02-23,Pampa,Porto Alegre,-30.0346,-51.2177,25.86,32.01,21.11,80.13,0.04,3.86,13.895999999999999
2025-02-24,Pampa,Porto Alegre,-30.0346,-51.2177,26.79,34.15,21.03,76.64,0.02,2.78,10.008
2025-02-25,Pampa,Porto Alegre,-30.0346,-51.2177,28.81,36.66,22.52,74.03,8.48,2.82,10.152
2025-02-26,Pampa,Porto Alegre,-30.0346,-51.2177,28.3,34.93,24.13,79.15,8.81,3.34,12.024
2025-02-27,Pampa,Porto Alegre,-30.0346,-51.2177,26.69,30.25,24.52,86.15,2.61,2.71,9.756
2025-02-28,Pampa,Porto Alegre,-30.0346,-51.2177,27.73,32.18,24.03,82.22,0.85,1.89,6.803999999999999
2025-03-01,Pampa,Porto Alegre,-30.0346,-51.2177,29.07,35.03,24.34,74.86,0.58,2.77,9.972
2025-03-02,Pampa,Porto Alegre,-30.0346,-51.2177,28.84,33.62,24.65,75.8,0.16,2.37,8.532
2025-03-03,Pampa,Porto Alegre,-30.0346,-51.2177,29.27,35.96,24.38,75.35,0.09,2.29,8.244
2025-03-04,Pampa,Porto Alegre,-30.0346,-51.2177,28.68,36.2,22.8,72.13,0.0,2.83,10.188
2025-03-05,Pampa,Porto Alegre,-30.0346,-51.2177,28.44,36.43,22.02,66.57,0.0,3.11,11.196
2025-03-06,Pampa,Porto Alegre,-30.0346,-51.2177,28.34,36.21,21.97,65.46,0.0,3.54,12.744
2025-03-07,Pampa,Porto Alegre,-30.0346,-51.2177,28.76,37.15,21.92,62.05,0.0,3.24,11.664000000000001
2025-03-08,Pampa,Porto Alegre,-30.0346,-51.2177,29.86,37.62,23.62,63.61,0.83,2.94,10.584
2025-03-09,Pampa,Porto Alegre,-30.0346,-51.2177,23.82,27.28,20.7,83.27,24.09,4.87,17.532
2025-03-10,Pampa,Porto Alegre,-30.0346,-51.2177,21.82,26.72,17.8,68.77,0.06,3.13,11.268
2025-03-11,Pampa,Porto Alegre,-30.0346,-51.2177,22.25,28.61,17.38,72.58,0.29,3.13,11.268
2025-03-12,Pampa,Porto Alegre,-30.0346,-51.2177,23.08,28.93,17.83,75.87,0.07,3.21,11.556000000000001
2025-03-13,Pampa,Porto Alegre,-30.0346,-51.2177,22.24,25.98,18.6,78.25,2.8,3.28,11.808
2025-03-14,Pampa,Porto Alegre,-30.0346,-51.2177,21.33,27.43,15.48,70.12,0.1,3.42,12.312
2025-03-15,Pampa,Porto Alegre,-30.0346,-51.2177,21.89,27.89,16.29,72.0,0.04,3.09,11.124
2025-03-16,Pampa,Porto Alegre,-30.0346,-51.2177,23.02,28.97,18.53,75.55,0.51,3.17,11.412
2025-03-17,Pampa,Porto Alegre,-30.0346,-51.2177,23.89,30.41,19.01,76.18,0.11,2.84,10.224
2025-03-18,Pampa,Porto Alegre,-30.0346,-51.2177,23.9,29.85,19.53,74.71,0.04,3.35,12.06
2025-03-19,Pampa,Porto Alegre,-30.0346,-51.2177,23.03,29.58,17.93,72.2,0.0,3.02,10.872
2025-03-20,Pampa,Porto Alegre,-30.0346,-51.2177,22.43,29.99,15.86,70.25,0.01,2.67,9.612
2025-03-21,Pampa,Porto Alegre,-30.0346,-51.2177,23.2,30.9,16.95,70.94,0.0,2.77,9.972
2025-03-22,Pampa,Porto Alegre,-30.0346,-51.2177,24.55,33.29,18.7,68.88,0.01,2.87,10.332
2025-03-23,Pampa,Porto Alegre,-30.0346,-51.2177,25.22,32.71,19.23,67.47,0.26,2.89,10.404
2025-03-24,Pampa,Porto Alegre,-30.0346,-51.2177,25.44,31.11,21.57,73.28,0.56,2.55,9.18
2025-03-25,Pampa,Porto Alegre,-30.0346,-51.2177,24.16,28.77,20.64,74.82,0.51,3.52,12.672
2025-03-26,Pampa,Porto Alegre,-30.0346,-51.2177,24.31,30.49,19.97,77.09,0.2,4.46,16.056
2025-03-27,Pampa,Porto Alegre,-30.0346,-51.2177,25.64,32.64,21.06,74.42,0.45,3.96,14.256
2025-03-28,Pampa,Porto Alegre,-30.0346,-51.2177,25.57,29.44,22.81,78.78,0.12,1.95,7.02
2025-03-29,Pampa,Porto Alegre,-30.0346,-51.2177,26.24,32.27,22.02,72.68,0.01,2.97,10.692
2025-03-30,Pampa,Porto Alegre,-30.0346,-51.2177,25.64,32.95,19.93,74.78,0.0,3.09,11.124
2025-03-31,Pampa,Porto Alegre,-30.0346,-51.2177,28.04,36.6,21.6,70.16,4.32,3.21,11.556000000000001
2025-04-01,Pampa,Porto Alegre,-30.0346,-51.2177,22.47,26.17,19.7,81.02,7.66,4.48,16.128000000000004
2025-04-02,Pampa,Porto Alegre,-30.0346,-51.2177,24.8,33.48,20.4,80.31,3.54,4.16,14.976
2025-04-03,Pampa,Porto Alegre,-30.0346,-51.2177,23.95,27.9,21.08,82.34,7.42,2.75,9.9
2025-04-04,Pampa,Porto Alegre,-30.0346,-51.2177,18.55,22.32,14.26,64.79,0.18,5.46,19.656
2025-04-05,Pampa,Porto Alegre,-30.0346,-51.2177,18.65,24.56,14.65,62.54,0.0,3.88,13.968
2025-04-06,Pampa,Porto Alegre,-30.0346,-51.2177,19.44,26.66,12.95,68.86,0.0,4.36,15.696000000000002
2025-04-07,Pampa,Porto Alegre,-30.0346,-51.2177,19.78,24.36,16.81,78.99,6.3,4.43,15.947999999999999
2025-04-08,Pampa,Porto Alegre,-30.0346,-51.2177,19.93,23.83,17.51,90.41,29.8,4.41,15.876000000000001
2025-04-09,Pampa,Porto Alegre,-30.0346,-51.2177,20.87,25.01,17.66,85.07,1.71,2.45,8.82
2025-04-10,Pampa,Porto Alegre,-30.0346,-51.2177,21.12,25.0,17.47,87.32,3.12,3.18,11.448
2025-04-11,Pampa,Porto Alegre,-30.0346,-51.2177,21.87,26.06,19.54,84.02,0.55,5.42,19.512
2025-04-12,Pampa,Porto Alegre,-30.0346,-51.2177,22.94,28.21,19.36,81.47,0.19,2.85,10.26
2025-04-13,Pampa,Porto Alegre,-30.0346,-51.2177,22.31,25.39,18.83,84.56,4.28,2.82,10.152
2025-04-14,Pampa,Porto Alegre,-30.0346,-51.2177,18.54,23.83,14.76,76.99,0.39,2.69,9.684
2025-04-15,Pampa,Porto Alegre,-30.0346,-51.2177,18.43,23.61,14.45,84.13,0.81,2.44,8.784
2025-04-16,Pampa,Porto Alegre,-30.0346,-51.2177,20.6,26.48,15.88,80.1,0.02,2.39,8.604000000000001
2025-04-17,Pampa,Porto Alegre,-30.0346,-51.2177,20.25,27.81,14.55,76.97,0.01,2.07,7.452
2025-04-18,Pampa,Porto Alegre,-30.0346,-51.2177,22.32,29.9,16.78,78.93,0.04,2.63,9.468
2025-04-19,Pampa,Porto Alegre,-30.0346,-51.2177,20.53,24.21,15.21,76.65,0.3,3.88,13.968
2025-04-20,Pampa,Porto Alegre,-30.0346,-51.2177,16.84,22.91,12.32,69.38,0.01,2.61,9.395999999999999
2025-04-21,Pampa,Porto Alegre,-30.0346,-51.2177,18.05,24.18,13.32,71.8,0.01,2.3,8.28
2025-04-22,Pampa,Porto Alegre,-30.0346,-51.2177,18.5,26.02,12.52,76.12,0.01,2.38,8.568
2025-04-23,Pampa,Porto Alegre,-30.0346,-51.2177,19.93,28.21,13.5,74.84,0.02,2.07,7.452
2025-04-24,Pampa,Porto Alegre,-30.0346,-51.2177,19.29,23.96,16.08,85.18,0.0,1.76,6.336
2025-04-25,Pampa,Porto Alegre,-30.0346,-51.2177,20.8,28.09,15.14,80.96,0.02,2.89,10.404
2025-04-26,Pampa,Porto Alegre,-30.0346,-51.2177,22.01,29.59,15.71,79.24,0.19,3.03,10.908
2025-04-27,Pampa,Porto Alegre,-30.0346,-51.2177,21.46,25.19,18.84,83.94,4.63,3.11,11.196
2025-04-28,Pampa,Porto Alegre,-30.0346,-51.2177,17.27,22.99,11.9,69.26,1.27,4.36,15.696000000000002
2025-04-29,Pampa,Porto Alegre,-30.0346,-51.2177,15.39,22.14,9.73,73.62,0.45,3.14,11.304
2025-04-30,Pampa,Porto Alegre,-30.0346,-51.2177,16.63,23.54,11.58,69.64,0.07,1.73,6.228
2025-05-01,Pampa,Porto Alegre,-30.0346,-51.2177,16.06,24.55,9.43,74.37,0.0,2.38,8.568
2025-05-02,Pampa,Porto Alegre,-30.0346,-51.2177,19.03,27.39,13.02,72.2,0.0,2.33,8.388
2025-05-03,Pampa,Porto Alegre,-30.0346,-51.2177,19.88,27.14,13.68,66.45,0.0,2.45,8.82
2025-05-04,Pampa,Porto Alegre,-30.0346,-51.2177,19.58,28.74,13.03,73.98,0.0,2.46,8.856
2025-05-05,Pampa,Porto Alegre,-30.0346,-51.2177,20.22,30.16,13.12,73.96,0.03,2.52,9.072000000000001
2025-05-06,Pampa,Porto Alegre,-30.0346,-51.2177,21.4,28.42,16.52,71.09,0.0,2.02,7.272
2025-05-07,Pampa,Porto Alegre,-30.0346,-51.2177,22.43,30.38,16.61,73.13,0.13,2.41,8.676
2025-05-08,Pampa,Porto Alegre,-30.0346,-51.2177,24.65,31.94,20.11,71.25,1.84,2.82,10.152
2025-05-09,Pampa,Porto Alegre,-30.0346,-51.2177,21.69,26.97,16.79,84.58,28.15,4.26,15.336
2025-05-10,Pampa,Porto Alegre,-30.0346,-51.2177,17.59,23.29,13.69,80.3,0.09,3.4,12.24
2025-05-11,Pampa,Porto Alegre,-30.0346,-51.2177,15.88,20.51,12.17,81.12,0.04,2.83,10.188
2025-05-12,Pampa,Porto Alegre,-30.0346,-51.2177,16.31,23.32,10.8,81.7,0.17,3.71,13.356
2025-05-13,Pampa,Porto Alegre,-30.0346,-51.2177,19.05,26.25,13.59,81.22,0.08,3.38,12.168
2025-05-14,Pampa,Porto Alegre,-30.0346,-51.2177,20.44,27.96,14.62,78.9,2.94,2.77,9.972
2025-05-15,Pampa,Porto Alegre,-30.0346,-51.2177,20.24,27.41,15.41,79.15,1.69,2.48,8.928
2025-05-16,Pampa,Porto Alegre,-30.0346,-51.2177,19.96,25.73,15.3,76.44,0.14,3.12,11.232000000000001
2025-05-17,Pampa,Porto Alegre,-30.0346,-51.2177,20.97,27.88,16.27,74.3,0.05,3.16,11.376000000000001
2025-05-18,Pampa,Porto Alegre,-30.0346,-51.2177,22.53,30.77,17.71,71.5,0.66,4.39,15.803999999999998
2025-05-19,Pampa,Porto Alegre,-30.0346,-51.2177,19.0,23.5,15.33,78.37,1.61,2.65,9.54
2025-05-20,Pampa,Porto Alegre,-30.0346,-51.2177,17.77,20.78,15.78,88.95,3.12,2.69,9.684
2025-05-21,Pampa,Porto Alegre,-30.0346,-51.2177,15.85,20.81,12.32,69.94,0.03,2.8,10.08
2025-05-22,Pampa,Porto Alegre,-30.0346,-51.2177,14.96,20.56,11.42,72.62,0.01,3.11,11.196
2025-05-23,Pampa,Porto Alegre,-30.0346,-51.2177,14.52,20.74,10.2,78.99,0.09,2.75,9.9
2025-05-24,Pampa,Porto Alegre,-30.0346,-51.2177,16.6,22.66,11.85,86.01,0.87,2.44,8.784
2025-05-25,Pampa,Porto Alegre,-30.0346,-51.2177,18.81,23.71,16.28,89.98,4.76,1.79,6.444
2025-05-26,Pampa,Porto Alegre,-30.0346,-51.2177,18.48,21.99,16.6,96.0,6.12,1.85,6.66
2025-05-27,Pampa,Porto Alegre,-30.0346,-51.2177,20.38,27.53,17.34,87.84,10.57,2.77,9.972
2025-05-28,Pampa,Porto Alegre,-30.0346,-51.2177,17.36,19.85,11.81,89.18,20.42,5.25,18.900000000000002
2025-05-29,Pampa,Porto Alegre,-30.0346,-51.2177,10.6,13.91,8.21,84.73,34.67,6.57,23.652
2025-05-30,Pampa,Porto Alegre,-30.0346,-51.2177,10.66,16.13,6.28,82.83,0.26,2.42,8.712
2025-05-31,Pampa,Porto Alegre,-30.0346,-51.2177,12.11,17.4,7.14,79.91,0.02,2.47,8.892000000000001
2025-06-01,Pampa,Porto Alegre,-30.0346,-51.2177,10.84,16.53,7.13,81.92,0.08,2.26,8.136
2025-06-02,Pampa,Porto Alegre,-30.0346,-51.2177,10.79,16.2,6.0,87.8,0.83,1.71,6.156
2025-06-03,Pampa,Porto Alegre,-30.0346,-51.2177,14.93,18.5,12.26,93.97,26.96,1.18,4.248
2025-06-04,Pampa,Porto Alegre,-30.0346,-51.2177,17.98,23.06,13.55,90.2,0.81,2.2,7.920000000000001
2025-06-05,Pampa,Porto Alegre,-30.0346,-51.2177,17.21,20.23,14.71,91.28,4.03,2.55,9.18
2025-06-06,Pampa,Porto Alegre,-30.0346,-51.2177,12.74,16.79,9.22,84.22,0.3,2.41,8.676
2025-06-07,Pampa,Porto Alegre,-30.0346,-51.2177,11.76,17.2,8.51,80.48,0.04,1.76,6.336
2025-06-08,Pampa,Porto Alegre,-30.0346,-51.2177,12.36,17.98,8.49,84.73,0.01,2.92,10.512
2025-06-09,Pampa,Porto Alegre,-30.0346,-51.2177,10.89,15.25,7.36,91.32,32.58,2.83,10.188
2025-06-10,Pampa,Porto Alegre,-30.0346,-51.2177,9.77,14.3,6.17,84.9,6.31,2.53,9.107999999999999
2025-06-11,Pampa,Porto Alegre,-30.0346,-51.2177,10.06,16.99,5.4,84.05,0.0,2.45,8.82
2025-06-12,Pampa,Porto Alegre,-30.0346,-51.2177,11.4,18.6,6.02,83.3,0.0,3.01,10.836
2025-06-13,Pampa,Porto Alegre,-30.0346,-51.2177,12.38,20.13,6.84,86.71,0.08,2.95,10.620000000000001
2025-06-14,Pampa,Porto Alegre,-30.0346,-51.2177,14.62,19.98,10.29,88.44,3.67,3.07,11.052
2025-06-15,Pampa,Porto Alegre,-30.0346,-51.2177,15.31,16.54,11.54,90.08,15.34,4.24,15.264000000000001
2025-06-16,Pampa,Porto Alegre,-30.0346,-51.2177,12.69,19.74,7.84,88.82,0.13,2.47,8.892000000000001
2025-06-17,Pampa,Porto Alegre,-30.0346,-51.2177,17.52,22.41,12.71,95.44,68.68,3.21,11.556000000000001
2025-06-18,Pampa,Porto Alegre,-30.0346,-51.2177,17.37,18.85,15.31,96.12,28.46,2.47,8.892000000000001
2025-06-19,Pampa,Porto Alegre,-30.0346,-51.2177,16.06,18.0,14.64,94.86,8.02,3.84,13.824
2025-06-20,Pampa,Porto Alegre,-30.0346,-51.2177,16.15,19.16,13.79,94.45,9.71,5.41,19.476000000000003
2025-06-21,Pampa,Porto Alegre,-30.0346,-51.2177,12.5,17.68,7.93,88.26,0.1,2.94,10.584
2025-06-22,Pampa,Porto Alegre,-30.0346,-51.2177,12.89,19.22,8.13,89.2,1.26,1.95,7.02
2025-06-23,Pampa,Porto Alegre,-30.0346,-51.2177,11.29,14.07,6.19,76.76,7.05,6.16,22.176000000000002
2025-06-24,Pampa,Porto Alegre,-30.0346,-51.2177,6.54,11.94,3.12,62.55,0.0,7.28,26.208000000000002
2025-06-25,Pampa,Porto Alegre,-30.0346,-51.2177,7.37,16.12,0.45,69.99,0.0,2.21,7.956
2025-06-26,Pampa,Porto Alegre,-30.0346,-51.2177,10.26,13.28,8.03,89.45,7.09,2.15,7.74
2025-06-27,Pampa,Porto Alegre,-30.0346,-51.2177,8.39,14.69,5.02,84.46,0.08,2.04,7.344
2025-06-28,Pampa,Porto Alegre,-30.0346,-51.2177,11.18,16.3,6.59,93.51,32.75,2.48,8.928
2025-06-29,Pampa,Porto Alegre,-30.0346,-51.2177,11.9,12.75,10.47,94.79,6.75,4.98,17.928
2025-06-30,Pampa,Porto Alegre,-30.0346,-51.2177,7.61,10.16,3.59,85.97,0.18,4.22,15.192
